EmployeeID,Age,Attrition,BusinessTravel,Department,DistanceFromHome,EducationField,EnvironmentSatisfaction,JobLevel,JobRole,JobSatisfaction,MaritalStatus,MonthlyIncome,OverTime,PercentSalaryHike,TotalWorkingYears,WorkLifeBalance,YearsAtCompany,YearsInCurrentRole
E1001,21,No,Non-Travel,Sales,17,Marketing,1,1,Sales Executive,3,Divorced,4366,No,16,0,1,0,0
E1002,51,No,Travel_Rarely,Sales,15,Marketing,2,2,Manager,1,Married,5407,No,22,6,2,6,1
E1003,46,No,Non-Travel,Research & Development,20,Human Resources,3,1,Research Scientist,2,Married,3153,Yes,20,5,4,0,0
E1004,36,Yes,Travel_Frequently,Research & Development,2,Human Resources,2,3,Manufacturing Director,2,Married,8940,Yes,25,11,1,2,2
E1005,36,No,Travel_Frequently,Human Resources,18,Medical,1,1,Manager,3,Married,4764,No,13,3,1,3,1
E1006,54,No,Travel_Rarely,Human Resources,14,Marketing,4,5,Human Resources,2,Divorced,20629,Yes,24,29,2,5,4
E1007,21,Yes,Travel_Rarely,Research & Development,2,Human Resources,1,1,Laboratory Technician,4,Divorced,3808,Yes,19,2,3,2,1
E1008,47,No,Travel_Rarely,Human Resources,24,Technical Degree,1,4,Human Resources,3,Single,13558,No,22,23,4,2,2
E1009,26,No,Travel_Rarely,Research & Development,5,Technical Degree,2,2,Manufacturing Director,3,Married,6298,No,22,4,3,4,3
E1010,22,Yes,Travel_Rarely,Research & Development,18,Human Resources,1,1,Laboratory Technician,4,Married,2429,Yes,19,3,2,0,0
E1011,40,Yes,Travel_Frequently,Human Resources,25,Technical Degree,3,2,Human Resources,1,Single,7667,No,17,3,4,3,1
E1012,59,No,Travel_Rarely,Research & Development,27,Technical Degree,2,3,Research Scientist,2,Divorced,8454,No,23,18,1,3,3
E1013,49,No,Travel_Frequently,Research & Development,19,Marketing,4,1,Laboratory Technician,1,Divorced,2080,No,18,11,4,4,2
E1014,50,No,Travel_Frequently,Research & Development,21,Other,1,5,Laboratory Technician,3,Divorced,19876,Yes,25,29,2,3,3
E1015,48,Yes,Travel_Rarely,Research & Development,17,Life Sciences,2,2,Research Scientist,2,Married,6717,Yes,21,17,2,0,0
E1016,51,No,Travel_Rarely,Research & Development,23,Life Sciences,3,5,Research Director,3,Married,20184,Yes,20,25,4,1,0
E1017,40,No,Travel_Frequently,Research & Development,29,Human Resources,3,1,Laboratory Technician,4,Divorced,2000,No,19,5,3,5,3
E1018,23,Yes,Non-Travel,Research & Development,14,Technical Degree,2,1,Research Scientist,2,Single,4414,No,14,4,2,0,0
E1019,54,Yes,Travel_Rarely,Research & Development,12,Medical,4,4,Manufacturing Director,2,Single,13101,Yes,22,18,2,5,1
E1020,37,No,Non-Travel,Research & Development,6,Technical Degree,4,2,Laboratory Technician,2,Married,4908,Yes,14,9,2,9,3
E1021,39,No,Travel_Rarely,Human Resources,29,Life Sciences,3,5,Human Resources,2,Married,18625,No,20,19,4,8,1
E1022,33,No,Travel_Rarely,Sales,27,Technical Degree,3,3,Manager,2,Married,8265,No,22,6,1,6,6
E1023,25,Yes,Travel_Frequently,Research & Development,21,Marketing,3,1,Research Scientist,2,Single,3648,No,17,3,1,2,1
E1024,57,No,Non-Travel,Research & Development,20,Technical Degree,2,5,Manufacturing Director,2,Married,17260,Yes,25,23,2,0,0
E1025,51,No,Non-Travel,Human Resources,6,Marketing,3,2,Human Resources,2,Divorced,4814,Yes,13,6,2,6,5
E1026,45,No,Non-Travel,Research & Development,27,Human Resources,4,2,Research Scientist,2,Married,7395,No,14,10,4,2,1
E1027,35,No,Travel_Rarely,Research & Development,2,Life Sciences,1,2,Research Scientist,2,Married,5346,Yes,15,4,1,4,3
E1028,53,No,Travel_Rarely,Sales,18,Other,1,1,Sales Executive,2,Married,3987,Yes,25,6,4,2,1
E1029,41,No,Travel_Frequently,Human Resources,8,Marketing,2,4,Human Resources,3,Married,15635,No,19,19,4,5,0
E1030,37,No,Non-Travel,Research & Development,14,Medical,3,3,Research Director,2,Married,7898,No,15,11,2,2,0
E1031,37,No,Non-Travel,Sales,3,Other,1,1,Manager,1,Married,4424,Yes,25,7,4,2,2
E1032,27,Yes,Travel_Rarely,Research & Development,4,Life Sciences,3,2,Research Scientist,4,Married,5549,No,17,4,4,4,3
E1033,21,No,Travel_Rarely,Research & Development,11,Technical Degree,1,2,Research Director,4,Single,5853,No,14,1,4,1,1
E1034,41,No,Travel_Frequently,Human Resources,12,Life Sciences,1,2,Manager,2,Married,5313,Yes,24,14,2,1,0
E1035,56,No,Non-Travel,Human Resources,26,Other,2,5,Manager,3,Single,20505,No,13,33,2,2,2
E1036,20,No,Travel_Rarely,Human Resources,18,Life Sciences,1,2,Manager,4,Married,6453,Yes,25,1,4,1,0
E1037,54,No,Non-Travel,Research & Development,1,Medical,3,4,Laboratory Technician,2,Divorced,14616,No,11,15,2,5,4
E1038,53,No,Non-Travel,Sales,27,Technical Degree,3,2,Sales Executive,1,Married,8360,No,19,13,1,1,0
E1039,29,Yes,Travel_Rarely,Sales,18,Other,3,1,Sales Representative,2,Married,2821,No,19,5,3,1,1
E1040,45,Yes,Non-Travel,Research & Development,25,Marketing,3,3,Manufacturing Director,2,Married,10968,Yes,25,15,2,5,5
E1041,25,Yes,Travel_Frequently,Human Resources,27,Medical,3,1,Manager,2,Divorced,4089,No,24,3,4,3,1
E1042,50,No,Non-Travel,Research & Development,15,Marketing,3,4,Research Scientist,3,Divorced,16340,No,23,21,4,0,0
E1043,48,No,Travel_Rarely,Research & Development,6,Other,3,2,Research Director,2,Divorced,8307,Yes,24,17,1,5,3
E1044,33,No,Non-Travel,Human Resources,13,Other,1,1,Human Resources,3,Married,5119,No,23,5,4,0,0
E1045,20,Yes,Travel_Rarely,Sales,20,Life Sciences,3,1,Manager,1,Married,2000,No,18,0,4,0,0
E1046,59,No,Travel_Rarely,Sales,1,Other,1,4,Sales Executive,4,Married,15716,No,24,17,4,1,1
E1047,37,Yes,Travel_Rarely,Research & Development,28,Other,1,1,Research Scientist,2,Divorced,4386,No,22,3,2,3,1
E1048,56,No,Travel_Frequently,Human Resources,11,Technical Degree,4,3,Manager,2,Married,9865,No,16,9,3,2,0
E1049,47,No,Travel_Rarely,Research & Development,20,Medical,1,4,Manufacturing Director,1,Married,14026,No,24,20,4,1,1
E1050,51,No,Travel_Rarely,Sales,29,Marketing,1,2,Sales Executive,2,Divorced,8388,No,11,14,4,2,1
E1051,50,No,Travel_Rarely,Research & Development,26,Human Resources,2,1,Research Scientist,4,Divorced,2525,No,12,9,2,2,2
E1052,26,No,Travel_Rarely,Research & Development,22,Medical,4,1,Research Scientist,3,Married,3359,No,13,4,3,1,1
E1053,33,No,Travel_Rarely,Sales,9,Marketing,4,2,Sales Executive,3,Single,6715,No,19,11,2,5,3
E1054,38,Yes,Travel_Rarely,Research & Development,16,Marketing,3,1,Research Director,3,Married,2256,No,12,6,2,0,0
E1055,39,Yes,Non-Travel,Research & Development,15,Life Sciences,1,2,Research Scientist,2,Married,7619,No,14,16,3,1,0
E1056,19,No,Non-Travel,Human Resources,26,Marketing,3,1,Human Resources,4,Divorced,2000,No,14,0,2,0,0
E1057,41,Yes,Travel_Frequently,Research & Development,2,Life Sciences,4,3,Research Director,2,Married,10196,Yes,14,13,1,13,8
E1058,24,No,Travel_Frequently,Human Resources,1,Life Sciences,2,1,Manager,4,Single,4580,No,11,4,3,4,4
E1059,49,Yes,Travel_Rarely,Research & Development,4,Marketing,2,2,Research Scientist,4,Married,5833,Yes,14,4,2,0,0
E1060,47,No,Travel_Rarely,Research & Development,28,Human Resources,4,5,Manufacturing Director,1,Married,19773,Yes,15,26,3,12,12
E1061,57,No,Travel_Rarely,Research & Development,16,Other,1,3,Manufacturing Director,1,Single,8439,No,22,16,2,1,1
E1062,50,No,Non-Travel,Sales,21,Marketing,4,4,Sales Representative,4,Married,16331,No,19,28,4,0,0
E1063,33,Yes,Travel_Rarely,Research & Development,3,Human Resources,2,2,Laboratory Technician,1,Married,8102,No,15,8,4,0,0
E1064,59,Yes,Non-Travel,Research & Development,1,Medical,3,1,Research Director,3,Divorced,2144,Yes,13,4,2,0,0
E1065,35,No,Travel_Rarely,Sales,19,Technical Degree,2,1,Manager,1,Married,3952,Yes,18,2,3,2,1
E1066,32,Yes,Travel_Rarely,Human Resources,21,Technical Degree,3,2,Manager,3,Married,6580,Yes,15,9,1,4,0
E1067,56,No,Non-Travel,Research & Development,13,Medical,4,4,Research Director,3,Married,14950,No,21,21,4,2,1
E1068,33,Yes,Travel_Rarely,Research & Development,3,Marketing,2,1,Research Scientist,2,Single,3963,Yes,14,1,1,1,0
E1069,21,No,Travel_Frequently,Research & Development,15,Human Resources,1,1,Manufacturing Director,4,Married,3241,No,25,2,4,1,1
E1070,38,Yes,Travel_Frequently,Sales,19,Medical,1,4,Manager,4,Divorced,14991,Yes,12,16,4,0,0
E1071,52,No,Travel_Frequently,Research & Development,7,Technical Degree,4,4,Manufacturing Director,1,Married,13738,No,23,17,1,2,1
E1072,26,Yes,Travel_Frequently,Research & Development,9,Medical,4,1,Research Director,3,Married,2895,No,21,3,1,3,1
E1073,37,Yes,Non-Travel,Research & Development,22,Technical Degree,3,1,Laboratory Technician,3,Divorced,4518,No,21,1,3,1,0
E1074,23,No,Travel_Rarely,Sales,7,Life Sciences,1,1,Manager,2,Married,2000,No,24,3,4,3,1
E1075,47,No,Travel_Rarely,Research & Development,3,Marketing,4,3,Research Director,4,Married,9782,Yes,17,11,3,1,1
E1076,38,No,Travel_Frequently,Sales,19,Technical Degree,2,3,Sales Representative,2,Single,8535,No,21,16,1,10,6
E1077,32,Yes,Travel_Rarely,Research & Development,1,Human Resources,1,1,Manufacturing Director,2,Single,4613,No,18,5,3,3,1
E1078,27,Yes,Travel_Rarely,Research & Development,13,Marketing,2,1,Manufacturing Director,3,Single,3677,Yes,21,5,2,0,0
E1079,42,No,Travel_Rarely,Human Resources,17,Life Sciences,4,3,Human Resources,1,Married,8941,No,19,7,4,0,0
E1080,46,No,Travel_Frequently,Human Resources,2,Life Sciences,4,2,Manager,4,Married,5564,No,25,6,4,0,0
E1081,58,No,Travel_Frequently,Human Resources,19,Technical Degree,3,5,Manager,2,Divorced,18979,No,15,30,4,2,0
E1082,36,Yes,Travel_Rarely,Human Resources,24,Human Resources,3,2,Human Resources,2,Married,8162,No,21,9,2,9,8
E1083,24,No,Travel_Frequently,Research & Development,29,Other,4,1,Research Scientist,3,Married,3352,No,13,3,2,3,3
E1084,53,No,Travel_Rarely,Human Resources,8,Human Resources,3,5,Human Resources,4,Divorced,19173,No,11,32,4,1,1
E1085,45,No,Travel_Frequently,Research & Development,10,Marketing,2,4,Laboratory Technician,4,Married,15822,Yes,21,24,1,3,0
E1086,48,No,Travel_Rarely,Research & Development,18,Marketing,1,4,Manufacturing Director,2,Married,14537,Yes,14,24,1,11,6
E1087,22,Yes,Non-Travel,Sales,18,Other,1,1,Sales Representative,3,Married,2986,Yes,11,1,1,1,1
E1088,31,No,Travel_Frequently,Sales,18,Other,1,1,Sales Representative,2,Married,2909,No,20,7,3,0,0
E1089,51,No,Travel_Frequently,Sales,10,Marketing,4,5,Sales Executive,3,Married,17858,No,20,27,1,4,1
E1090,53,Yes,Travel_Rarely,Sales,2,Marketing,1,2,Sales Executive,3,Single,7508,Yes,20,14,3,0,0
E1091,36,No,Non-Travel,Research & Development,1,Life Sciences,1,1,Manufacturing Director,3,Married,4626,No,17,3,1,3,0
E1092,52,Yes,Travel_Rarely,Sales,29,Medical,4,5,Sales Representative,1,Married,20460,Yes,23,26,4,7,3
E1093,54,No,Non-Travel,Research & Development,12,Technical Degree,2,4,Manufacturing Director,1,Married,16053,No,11,18,2,1,0
E1094,34,Yes,Travel_Rarely,Research & Development,13,Technical Degree,1,2,Manufacturing Director,1,Single,6391,Yes,13,9,1,0,0
E1095,56,No,Non-Travel,Sales,19,Technical Degree,4,5,Sales Executive,1,Divorced,18644,No,16,35,3,3,1
E1096,30,No,Non-Travel,Sales,6,Medical,4,2,Sales Representative,3,Married,6963,No,25,7,2,0,0
E1097,28,No,Travel_Rarely,Research & Development,12,Medical,3,2,Research Director,1,Married,7951,No,21,4,2,0,0
E1098,47,Yes,Travel_Rarely,Research & Development,13,Marketing,1,3,Research Director,1,Single,10275,Yes,18,12,3,5,5
E1099,45,No,Non-Travel,Research & Development,3,Other,3,2,Research Scientist,2,Married,6662,No,25,12,4,0,0
E1100,24,No,Travel_Rarely,Research & Development,18,Other,4,1,Manufacturing Director,1,Married,3901,No,24,1,4,1,1
E1101,53,No,Travel_Frequently,Research & Development,6,Life Sciences,4,5,Laboratory Technician,4,Single,20034,Yes,12,27,2,0,0
E1102,26,No,Travel_Rarely,Research & Development,1,Marketing,3,1,Research Scientist,1,Married,4907,No,18,6,4,4,3
E1103,52,Yes,Travel_Rarely,Human Resources,19,Technical Degree,4,2,Manager,1,Married,7561,Yes,25,11,1,1,0
E1104,18,Yes,Travel_Frequently,Research & Development,9,Medical,4,1,Research Scientist,1,Divorced,2966,Yes,13,0,4,0,0
E1105,52,No,Non-Travel,Sales,21,Marketing,1,5,Sales Executive,1,Married,18328,No,13,28,4,0,0
E1106,51,Yes,Travel_Rarely,Research & Development,16,Life Sciences,3,1,Manufacturing Director,2,Single,3320,Yes,16,3,3,3,2
E1107,51,No,Travel_Rarely,Human Resources,1,Marketing,3,4,Manager,1,Single,14079,No,25,17,3,8,1
E1108,46,No,Travel_Rarely,Research & Development,21,Other,4,3,Laboratory Technician,2,Married,11070,No,14,13,3,1,1
E1109,38,Yes,Travel_Frequently,Research & Development,2,Other,3,3,Research Director,1,Married,9548,Yes,20,13,1,9,5
E1110,48,Yes,Non-Travel,Human Resources,10,Life Sciences,3,1,Manager,4,Married,3382,Yes,14,7,4,0,0
E1111,29,No,Non-Travel,Research & Development,20,Technical Degree,3,2,Laboratory Technician,4,Married,5949,No,22,7,3,0,0
E1112,51,No,Non-Travel,Sales,12,Other,2,2,Sales Executive,3,Single,7208,No,24,13,4,3,0
E1113,41,No,Travel_Rarely,Human Resources,12,Human Resources,2,3,Manager,3,Single,9630,No,11,14,1,1,0
E1114,37,No,Travel_Frequently,Research & Development,7,Life Sciences,4,1,Research Scientist,3,Single,2000,No,16,2,4,2,2
E1115,39,No,Travel_Frequently,Research & Development,13,Marketing,4,3,Research Director,4,Married,10692,No,19,10,2,4,3
E1116,42,No,Travel_Rarely,Human Resources,9,Human Resources,3,2,Human Resources,1,Married,6227,No,13,13,4,5,4
E1117,19,Yes,Non-Travel,Research & Development,28,Other,2,1,Research Director,3,Single,2964,Yes,20,0,4,0,0
E1118,24,No,Non-Travel,Human Resources,20,Medical,1,1,Manager,1,Married,2210,No,16,1,4,0,0
E1119,28,Yes,Travel_Rarely,Human Resources,27,Medical,2,1,Human Resources,2,Married,3467,No,11,2,4,2,0
E1120,22,Yes,Non-Travel,Human Resources,10,Medical,2,1,Manager,4,Divorced,3947,No,20,1,1,0,0
E1121,36,Yes,Non-Travel,Human Resources,28,Other,4,1,Manager,3,Married,4654,Yes,11,3,2,1,1
E1122,46,No,Travel_Frequently,Human Resources,9,Medical,3,4,Manager,3,Single,13431,No,14,25,2,1,0
E1123,46,No,Travel_Rarely,Research & Development,9,Marketing,2,2,Research Scientist,1,Married,8337,Yes,13,12,3,12,1
E1124,38,No,Non-Travel,Human Resources,9,Life Sciences,4,2,Human Resources,4,Married,7513,No,11,15,4,9,0
E1125,54,No,Travel_Frequently,Research & Development,18,Other,2,5,Research Director,3,Divorced,18565,Yes,17,33,3,14,3
E1126,42,Yes,Non-Travel,Sales,18,Life Sciences,4,1,Manager,2,Married,2326,Yes,24,4,3,4,0
E1127,21,Yes,Travel_Frequently,Research & Development,2,Technical Degree,3,1,Laboratory Technician,2,Married,2526,No,15,1,4,1,0
E1128,50,No,Non-Travel,Human Resources,17,Life Sciences,2,5,Human Resources,3,Married,20355,No,14,26,1,10,5
E1129,42,No,Travel_Rarely,Sales,28,Marketing,4,2,Sales Executive,4,Divorced,6070,No,23,15,3,0,0
E1130,45,No,Travel_Rarely,Human Resources,12,Technical Degree,3,2,Manager,3,Married,6550,Yes,25,12,3,1,0
E1131,42,No,Travel_Rarely,Research & Development,21,Human Resources,4,3,Manufacturing Director,4,Divorced,10160,No,15,11,1,4,2
E1132,41,No,Non-Travel,Research & Development,19,Technical Degree,1,2,Research Director,1,Divorced,7622,Yes,11,3,3,3,3
E1133,21,Yes,Travel_Frequently,Sales,29,Marketing,2,1,Sales Executive,3,Divorced,3795,No,22,1,4,1,0
E1134,42,No,Travel_Frequently,Human Resources,19,Medical,2,4,Human Resources,4,Married,15766,No,20,22,4,4,1
E1135,52,No,Travel_Frequently,Sales,14,Human Resources,3,5,Sales Executive,3,Married,18097,No,25,31,4,14,8
E1136,31,Yes,Travel_Frequently,Human Resources,1,Human Resources,4,1,Manager,2,Divorced,4561,Yes,20,1,4,1,0
E1137,43,No,Travel_Rarely,Research & Development,24,Human Resources,1,4,Research Scientist,2,Divorced,13895,Yes,24,17,2,0,0
E1138,19,No,Travel_Rarely,Human Resources,10,Human Resources,1,1,Human Resources,2,Married,2000,No,13,0,1,0,0
E1139,32,No,Travel_Rarely,Sales,27,Medical,3,3,Sales Executive,2,Single,11147,Yes,13,12,4,11,4
E1140,36,No,Travel_Rarely,Human Resources,8,Other,2,1,Human Resources,1,Divorced,2236,Yes,20,2,2,2,2
E1141,60,No,Travel_Frequently,Research & Development,13,Other,3,5,Manufacturing Director,1,Single,18128,No,22,35,3,4,4
E1142,27,No,Non-Travel,Research & Development,25,Marketing,1,2,Manufacturing Director,3,Divorced,6921,No,16,7,1,0,0
E1143,29,No,Travel_Rarely,Research & Development,5,Medical,3,1,Manufacturing Director,1,Single,2646,No,17,2,4,2,1
E1144,35,No,Travel_Frequently,Research & Development,8,Marketing,1,1,Research Director,4,Divorced,2000,No,16,2,4,2,2
E1145,60,No,Travel_Rarely,Human Resources,23,Marketing,4,5,Human Resources,4,Married,19674,No,11,33,4,0,0
E1146,54,No,Travel_Rarely,Sales,10,Other,1,2,Sales Executive,2,Married,7426,No,24,8,1,2,2
E1147,19,Yes,Non-Travel,Human Resources,28,Medical,1,1,Human Resources,2,Single,4226,No,24,0,4,0,0
E1148,28,No,Travel_Frequently,Sales,16,Other,1,2,Manager,4,Divorced,5314,No,25,8,3,3,1
E1149,53,No,Travel_Rarely,Human Resources,24,Medical,1,3,Manager,1,Single,9999,Yes,18,20,1,0,0
E1150,20,Yes,Travel_Rarely,Human Resources,16,Other,2,1,Human Resources,2,Single,4298,No,13,0,3,0,0
E1151,54,No,Travel_Rarely,Sales,2,Other,3,3,Manager,3,Divorced,8494,No,17,17,2,0,0
E1152,30,Yes,Travel_Rarely,Human Resources,24,Technical Degree,4,1,Manager,4,Married,2217,No,21,1,3,1,0
E1153,57,No,Travel_Rarely,Research & Development,13,Life Sciences,4,5,Research Scientist,2,Single,17658,Yes,13,35,1,1,1
E1154,30,Yes,Travel_Frequently,Sales,12,Technical Degree,1,1,Sales Representative,3,Married,3446,Yes,13,4,3,4,2
E1155,36,No,Travel_Rarely,Sales,22,Other,2,1,Sales Representative,1,Married,2291,No,25,4,3,2,2
E1156,46,Yes,Travel_Frequently,Human Resources,9,Other,4,2,Human Resources,4,Married,7345,No,11,9,3,9,7
E1157,23,No,Travel_Rarely,Sales,13,Marketing,1,2,Sales Executive,3,Married,7978,No,19,4,4,1,0
E1158,41,Yes,Travel_Rarely,Research & Development,18,Marketing,3,2,Manufacturing Director,3,Married,5341,No,13,4,3,4,1
E1159,39,Yes,Travel_Rarely,Sales,18,Marketing,2,3,Sales Representative,1,Single,10202,No,11,17,3,1,1
E1160,51,No,Travel_Rarely,Human Resources,22,Medical,1,5,Manager,2,Single,17911,Yes,20,23,1,0,0
E1161,60,No,Travel_Rarely,Research & Development,3,Technical Degree,1,5,Laboratory Technician,3,Divorced,17633,Yes,13,33,4,2,2
E1162,46,No,Travel_Rarely,Research & Development,29,Other,2,5,Manufacturing Director,2,Single,19945,Yes,21,26,2,0,0
E1163,35,No,Non-Travel,Sales,18,Medical,1,3,Manager,4,Divorced,9289,No,23,13,3,1,1
E1164,35,Yes,Travel_Frequently,Sales,18,Other,1,3,Sales Executive,4,Single,11164,No,18,15,3,11,5
E1165,35,No,Travel_Rarely,Sales,26,Life Sciences,3,1,Sales Representative,1,Divorced,3440,No,13,3,4,2,0
E1166,53,No,Non-Travel,Research & Development,15,Life Sciences,4,5,Research Scientist,4,Married,17881,No,25,27,2,3,3
E1167,31,No,Non-Travel,Sales,1,Other,3,2,Sales Executive,2,Divorced,6304,No,16,7,2,0,0
E1168,25,No,Non-Travel,Sales,4,Life Sciences,3,1,Manager,3,Divorced,2280,No,22,3,4,1,1
E1169,32,No,Non-Travel,Human Resources,28,Marketing,1,3,Human Resources,2,Married,10803,No,13,12,3,5,2
E1170,18,Yes,Travel_Frequently,Research & Development,29,Other,2,1,Manufacturing Director,3,Married,3868,No,13,0,2,0,0
E1171,22,Yes,Non-Travel,Research & Development,3,Marketing,3,1,Manufacturing Director,2,Married,2724,No,21,2,2,2,0
E1172,21,Yes,Travel_Rarely,Research & Development,20,Medical,1,1,Research Director,2,Divorced,3337,Yes,14,1,4,1,0
E1173,51,No,Non-Travel,Sales,20,Life Sciences,3,3,Sales Representative,3,Divorced,10233,No,18,16,4,5,0
E1174,49,No,Travel_Rarely,Sales,5,Human Resources,1,4,Manager,1,Divorced,15510,Yes,19,13,1,2,2
E1175,47,Yes,Travel_Rarely,Research & Development,23,Medical,2,2,Research Director,2,Married,5171,Yes,12,11,2,7,2
E1176,37,No,Non-Travel,Sales,14,Life Sciences,3,2,Manager,1,Married,4849,No,15,8,4,5,1
E1177,48,Yes,Travel_Rarely,Human Resources,7,Marketing,4,1,Manager,1,Single,2051,No,13,5,1,5,2
E1178,24,Yes,Travel_Frequently,Research & Development,17,Medical,1,1,Research Scientist,3,Married,2832,Yes,11,0,1,0,0
E1179,56,Yes,Travel_Rarely,Sales,27,Other,3,4,Sales Executive,2,Single,15003,Yes,25,28,1,3,2
E1180,39,No,Travel_Rarely,Sales,7,Human Resources,3,3,Sales Representative,3,Married,8128,No,11,10,3,7,5
E1181,58,No,Travel_Rarely,Research & Development,18,Other,1,5,Manufacturing Director,4,Divorced,19089,Yes,23,35,2,2,2
E1182,24,Yes,Travel_Frequently,Research & Development,22,Other,3,1,Manufacturing Director,3,Single,3116,Yes,17,3,2,3,1
E1183,39,Yes,Travel_Frequently,Research & Development,19,Other,1,1,Research Director,2,Divorced,2000,No,15,2,1,2,1
E1184,47,Yes,Travel_Frequently,Research & Development,19,Technical Degree,3,1,Research Scientist,3,Married,4898,No,18,6,3,6,0
E1185,39,No,Travel_Rarely,Research & Development,22,Medical,1,1,Research Scientist,4,Single,3747,No,24,5,4,1,1
E1186,37,No,Travel_Rarely,Research & Development,7,Life Sciences,1,3,Research Scientist,2,Married,9290,No,20,17,1,7,7
E1187,25,Yes,Travel_Rarely,Human Resources,3,Life Sciences,1,1,Manager,2,Single,3304,No,12,2,3,0,0
E1188,34,No,Travel_Rarely,Sales,29,Medical,2,2,Sales Representative,1,Married,5870,Yes,22,8,4,2,2
E1189,28,No,Travel_Rarely,Research & Development,10,Other,1,2,Research Scientist,1,Married,7760,No,22,8,3,8,1
E1190,30,Yes,Travel_Frequently,Human Resources,28,Medical,2,1,Manager,1,Married,3903,No,25,11,3,2,2
E1191,47,Yes,Travel_Rarely,Research & Development,8,Life Sciences,4,1,Laboratory Technician,1,Married,3502,No,14,8,1,0,0
E1192,45,Yes,Travel_Rarely,Sales,8,Other,4,1,Sales Representative,1,Single,4758,Yes,23,3,4,0,0
E1193,44,Yes,Travel_Rarely,Sales,1,Marketing,4,1,Manager,4,Married,4583,Yes,16,5,4,5,3
E1194,33,No,Travel_Rarely,Human Resources,13,Marketing,2,1,Human Resources,3,Divorced,4375,Yes,16,2,3,2,0
E1195,59,No,Travel_Rarely,Research & Development,28,Medical,1,1,Research Director,1,Divorced,2640,Yes,20,10,4,5,4
E1196,21,Yes,Non-Travel,Sales,26,Other,2,2,Manager,4,Single,5026,Yes,19,1,3,1,0
E1197,32,No,Travel_Frequently,Human Resources,9,Marketing,1,2,Manager,4,Married,7345,No,14,12,3,2,1
E1198,23,No,Non-Travel,Human Resources,12,Other,1,1,Human Resources,4,Divorced,3170,Yes,14,2,4,1,0
E1199,32,Yes,Travel_Rarely,Research & Development,20,Other,2,3,Laboratory Technician,4,Married,9963,No,20,8,1,7,1
E1200,59,Yes,Travel_Rarely,Human Resources,28,Marketing,3,2,Human Resources,1,Single,7552,No,25,11,1,6,6
E1201,33,Yes,Travel_Rarely,Research & Development,18,Human Resources,4,2,Laboratory Technician,3,Divorced,5924,No,14,11,1,4,1
E1202,57,No,Travel_Rarely,Research & Development,6,Life Sciences,3,5,Research Director,4,Married,18206,No,19,24,3,2,1
E1203,39,No,Non-Travel,Research & Development,11,Human Resources,2,4,Research Director,1,Married,14648,No,15,17,1,3,0
E1204,48,No,Travel_Rarely,Research & Development,21,Other,3,5,Research Director,3,Married,18287,Yes,14,27,2,0,0
E1205,37,No,Travel_Frequently,Research & Development,1,Medical,4,1,Laboratory Technician,1,Married,4066,No,22,7,2,7,5
E1206,29,Yes,Travel_Rarely,Research & Development,18,Life Sciences,3,1,Research Director,2,Married,4104,Yes,21,1,3,1,1
E1207,50,No,Travel_Rarely,Sales,23,Life Sciences,4,3,Manager,4,Married,9262,Yes,18,9,3,9,5
E1208,59,No,Non-Travel,Sales,11,Other,4,5,Manager,3,Married,19543,Yes,18,19,1,2,0
E1209,29,No,Travel_Frequently,Research & Development,16,Medical,3,1,Research Director,2,Married,3597,No,17,9,3,4,0
E1210,51,Yes,Travel_Frequently,Sales,21,Marketing,4,2,Sales Representative,4,Single,7465,Yes,25,13,2,9,2
E1211,29,Yes,Travel_Frequently,Sales,18,Marketing,2,1,Sales Executive,1,Single,2557,No,25,8,1,8,5
E1212,48,No,Travel_Rarely,Research & Development,1,Medical,2,2,Laboratory Technician,2,Married,7676,No,12,16,3,6,6
E1213,51,No,Travel_Rarely,Research & Development,17,Life Sciences,1,2,Research Director,2,Single,7273,No,23,8,2,0,0
E1214,37,Yes,Non-Travel,Human Resources,7,Marketing,1,1,Human Resources,3,Divorced,2663,Yes,16,7,2,7,3
E1215,49,No,Travel_Rarely,Research & Development,22,Other,3,3,Research Scientist,2,Divorced,9996,No,20,20,4,9,6
E1216,29,Yes,Travel_Rarely,Human Resources,8,Marketing,4,1,Manager,2,Married,4724,No,25,7,1,5,3
E1217,21,No,Travel_Rarely,Human Resources,29,Human Resources,1,1,Human Resources,3,Married,2363,No,17,1,4,1,1
E1218,22,No,Travel_Frequently,Research & Development,4,Human Resources,3,1,Research Director,1,Married,4066,No,17,1,2,1,0
E1219,37,No,Non-Travel,Research & Development,26,Human Resources,1,3,Laboratory Technician,1,Single,11109,No,20,13,4,3,1
E1220,56,Yes,Non-Travel,Research & Development,1,Technical Degree,4,1,Laboratory Technician,1,Divorced,4842,No,15,9,4,6,3
E1221,23,No,Travel_Frequently,Sales,20,Marketing,3,2,Sales Representative,2,Single,6015,No,14,4,4,0,0
E1222,37,Yes,Travel_Rarely,Research & Development,11,Medical,2,1,Laboratory Technician,1,Married,3735,No,20,4,1,0,0
E1223,48,Yes,Non-Travel,Human Resources,6,Medical,2,1,Human Resources,1,Single,5121,Yes,14,5,4,5,1
E1224,26,Yes,Travel_Rarely,Research & Development,7,Technical Degree,4,1,Laboratory Technician,3,Divorced,3600,Yes,20,4,2,4,2
E1225,49,No,Travel_Rarely,Human Resources,2,Marketing,2,2,Manager,3,Single,5493,Yes,14,16,4,4,4
E1226,31,No,Non-Travel,Human Resources,4,Marketing,1,1,Human Resources,1,Married,2000,Yes,12,6,4,6,3
E1227,52,No,Travel_Rarely,Research & Development,12,Marketing,3,2,Laboratory Technician,2,Divorced,7856,Yes,12,16,3,3,0
E1228,42,No,Travel_Rarely,Sales,5,Other,3,3,Manager,3,Married,9613,No,14,22,4,15,14
E1229,41,No,Non-Travel,Research & Development,29,Technical Degree,3,2,Laboratory Technician,4,Single,5754,No,12,11,3,5,1
E1230,25,Yes,Travel_Rarely,Research & Development,24,Other,2,1,Research Scientist,4,Single,2787,No,15,3,1,3,3
E1231,37,No,Travel_Frequently,Sales,14,Other,2,1,Sales Executive,1,Married,4421,No,17,8,4,0,0
E1232,54,No,Travel_Rarely,Research & Development,3,Technical Degree,1,1,Laboratory Technician,4,Single,3278,No,14,5,3,1,1
E1233,18,Yes,Non-Travel,Research & Development,29,Life Sciences,4,1,Manufacturing Director,2,Married,4490,Yes,19,0,1,0,0
E1234,50,No,Travel_Rarely,Research & Development,22,Other,1,1,Research Director,2,Married,4382,No,16,9,1,1,0
E1235,39,Yes,Travel_Frequently,Human Resources,6,Marketing,2,2,Human Resources,3,Married,8379,Yes,12,13,3,4,4
E1236,48,No,Travel_Frequently,Research & Development,2,Marketing,1,1,Manufacturing Director,1,Divorced,4720,No,16,4,4,4,2
E1237,46,No,Travel_Rarely,Research & Development,18,Marketing,1,4,Laboratory Technician,2,Married,14181,No,11,26,3,1,0
E1238,36,Yes,Travel_Rarely,Research & Development,2,Life Sciences,1,2,Laboratory Technician,2,Single,7077,No,21,8,2,8,0
E1239,31,No,Travel_Rarely,Research & Development,18,Technical Degree,2,3,Laboratory Technician,3,Divorced,7762,Yes,17,11,2,8,0
E1240,44,No,Travel_Rarely,Sales,13,Life Sciences,4,4,Sales Executive,1,Divorced,16239,No,19,13,2,5,1
E1241,24,No,Travel_Rarely,Human Resources,26,Human Resources,1,2,Human Resources,1,Single,5364,Yes,13,0,2,0,0
E1242,43,No,Travel_Rarely,Sales,12,Other,4,3,Sales Executive,2,Married,10337,Yes,17,19,2,2,1
E1243,22,Yes,Travel_Rarely,Research & Development,13,Marketing,3,1,Manufacturing Director,4,Married,4502,Yes,23,2,1,0,0
E1244,45,Yes,Travel_Frequently,Human Resources,16,Marketing,4,3,Human Resources,3,Married,8612,Yes,14,20,3,11,9
E1245,45,Yes,Non-Travel,Research & Development,29,Human Resources,3,2,Laboratory Technician,3,Married,7898,No,25,12,1,6,6
E1246,21,No,Non-Travel,Research & Development,21,Other,4,1,Research Scientist,3,Divorced,2000,No,17,1,1,0,0
E1247,50,No,Non-Travel,Research & Development,20,Life Sciences,3,4,Research Scientist,3,Married,14837,Yes,13,26,2,3,1
E1248,35,No,Travel_Frequently,Human Resources,9,Marketing,4,2,Human Resources,1,Divorced,6502,No,13,10,4,7,4
E1249,51,Yes,Travel_Rarely,Research & Development,15,Medical,1,2,Laboratory Technician,4,Married,6279,No,17,13,3,0,0
E1250,19,No,Travel_Frequently,Research & Development,6,Life Sciences,4,1,Research Scientist,1,Married,3502,No,25,0,2,0,0
E1251,25,No,Travel_Rarely,Human Resources,12,Life Sciences,1,2,Human Resources,3,Single,7812,No,18,4,3,4,4
E1252,39,No,Non-Travel,Research & Development,24,Technical Degree,1,3,Laboratory Technician,4,Married,9154,No,13,19,3,6,4
E1253,26,No,Travel_Frequently,Human Resources,3,Human Resources,3,2,Human Resources,3,Married,6597,No,16,3,2,3,1
E1254,32,Yes,Travel_Rarely,Human Resources,5,Technical Degree,2,1,Human Resources,4,Single,4761,No,23,6,4,0,0
E1255,46,No,Travel_Rarely,Research & Development,17,Medical,1,4,Research Scientist,1,Divorced,15835,No,25,22,3,0,0
E1256,24,Yes,Travel_Rarely,Sales,24,Marketing,4,1,Manager,3,Married,2000,No,20,3,1,1,1
E1257,47,Yes,Travel_Rarely,Sales,29,Other,3,4,Manager,1,Single,16390,No,23,21,4,5,2
E1258,22,Yes,Travel_Rarely,Research & Development,18,Other,2,1,Research Scientist,3,Divorced,2000,Yes,23,1,1,1,1
E1259,25,Yes,Travel_Rarely,Research & Development,20,Life Sciences,2,1,Laboratory Technician,1,Single,3551,No,17,1,1,0,0
E1260,43,No,Travel_Rarely,Research & Development,9,Technical Degree,3,4,Laboratory Technician,3,Married,14984,No,24,18,2,0,0
E1261,52,Yes,Travel_Rarely,Research & Development,12,Technical Degree,2,1,Research Director,2,Single,4482,Yes,12,7,2,7,5
E1262,25,Yes,Non-Travel,Sales,10,Marketing,3,1,Manager,1,Married,2010,No,23,1,4,1,1
E1263,30,No,Travel_Rarely,Research & Development,4,Marketing,1,3,Research Director,4,Divorced,8158,No,19,7,3,5,4
E1264,57,No,Travel_Rarely,Human Resources,11,Human Resources,2,4,Human Resources,4,Single,16002,Yes,19,28,1,7,3
E1265,60,No,Non-Travel,Human Resources,7,Other,1,5,Human Resources,1,Married,18173,Yes,25,35,2,1,0
E1266,42,No,Non-Travel,Sales,18,Medical,2,2,Sales Representative,1,Married,6373,No,15,7,4,6,4
E1267,37,No,Travel_Rarely,Research & Development,22,Other,2,1,Manufacturing Director,1,Married,4131,No,13,3,3,0,0
E1268,32,No,Travel_Rarely,Research & Development,29,Other,3,2,Research Director,3,Married,7209,No,20,12,3,9,9
E1269,44,No,Travel_Rarely,Research & Development,26,Life Sciences,4,1,Laboratory Technician,4,Married,2427,Yes,22,6,3,0,0
E1270,43,No,Travel_Rarely,Research & Development,10,Medical,3,2,Manufacturing Director,1,Married,5754,No,11,6,3,3,2
E1271,30,No,Travel_Frequently,Human Resources,28,Marketing,4,1,Human Resources,2,Single,5001,No,18,4,1,4,1
E1272,18,Yes,Travel_Rarely,Research & Development,28,Technical Degree,2,1,Research Scientist,3,Married,3020,Yes,16,0,3,0,0
E1273,24,No,Travel_Rarely,Sales,15,Medical,2,1,Sales Executive,2,Married,2000,No,23,5,3,0,0
E1274,59,No,Travel_Rarely,Research & Development,6,Marketing,3,5,Manufacturing Director,4,Divorced,18219,Yes,23,30,1,0,0
E1275,35,Yes,Travel_Frequently,Research & Development,23,Life Sciences,1,3,Laboratory Technician,4,Married,8889,No,13,11,3,11,6
E1276,38,No,Travel_Rarely,Sales,4,Life Sciences,2,2,Manager,3,Divorced,8108,No,19,4,1,0,0
E1277,38,No,Travel_Rarely,Human Resources,11,Marketing,4,2,Manager,3,Married,5829,Yes,21,8,1,3,2
E1278,51,No,Travel_Frequently,Human Resources,16,Technical Degree,2,4,Human Resources,2,Married,12982,No,14,16,4,1,1
E1279,20,No,Travel_Frequently,Sales,26,Marketing,4,1,Manager,2,Divorced,3245,No,25,0,2,0,0
E1280,21,No,Travel_Rarely,Research & Development,29,Marketing,3,1,Research Scientist,3,Single,2000,No,24,0,2,0,0
E1281,29,No,Non-Travel,Research & Development,24,Marketing,1,1,Research Director,1,Married,2529,No,13,3,3,0,0
E1282,38,No,Non-Travel,Human Resources,15,Technical Degree,2,1,Human Resources,3,Divorced,5083,Yes,11,4,3,4,0
E1283,46,Yes,Travel_Rarely,Research & Development,3,Human Resources,2,3,Laboratory Technician,1,Married,10316,Yes,19,15,3,3,3
E1284,39,Yes,Non-Travel,Sales,24,Technical Degree,4,3,Manager,3,Divorced,7987,No,24,14,4,1,0
E1285,36,Yes,Travel_Rarely,Sales,25,Life Sciences,2,1,Manager,3,Married,3100,Yes,21,2,3,2,1
E1286,58,No,Travel_Rarely,Human Resources,14,Life Sciences,2,4,Human Resources,2,Divorced,13651,Yes,22,20,1,1,1
E1287,24,No,Non-Travel,Research & Development,17,Marketing,3,1,Research Director,2,Married,2040,No,21,4,1,4,1
E1288,42,No,Non-Travel,Research & Development,25,Medical,4,4,Research Scientist,3,Married,14985,Yes,13,17,2,2,1
E1289,41,Yes,Travel_Rarely,Research & Development,4,Technical Degree,3,3,Manufacturing Director,3,Single,9740,No,12,18,2,13,10
E1290,38,No,Travel_Rarely,Research & Development,24,Human Resources,4,3,Manufacturing Director,3,Single,10210,No,11,9,2,0,0
E1291,52,No,Travel_Rarely,Sales,15,Medical,1,5,Sales Executive,4,Married,20453,No,25,27,1,14,7
E1292,29,No,Travel_Rarely,Research & Development,20,Marketing,4,2,Research Director,1,Divorced,5433,Yes,25,3,1,0,0
E1293,59,No,Travel_Rarely,Sales,6,Medical,1,2,Manager,1,Married,8320,No,23,16,1,2,0
E1294,32,No,Travel_Rarely,Research & Development,18,Marketing,4,2,Research Scientist,3,Married,6383,No,12,3,4,0,0
E1295,41,No,Travel_Rarely,Sales,8,Marketing,3,2,Sales Executive,1,Married,5796,No,24,11,2,0,0
E1296,40,No,Travel_Frequently,Research & Development,16,Life Sciences,3,1,Research Scientist,1,Married,4770,No,25,9,4,2,0
E1297,54,No,Non-Travel,Human Resources,16,Technical Degree,1,2,Human Resources,2,Divorced,4974,No,22,10,2,5,5
E1298,36,Yes,Travel_Frequently,Research & Development,28,Medical,3,2,Laboratory Technician,3,Married,6928,No,17,13,2,6,5
E1299,30,Yes,Travel_Rarely,Human Resources,20,Human Resources,1,1,Manager,1,Married,4136,Yes,12,4,2,0,0
E1300,18,Yes,Travel_Frequently,Research & Development,17,Human Resources,3,1,Manufacturing Director,2,Married,2430,No,16,0,4,0,0
E1301,33,No,Travel_Frequently,Research & Development,12,Medical,2,2,Research Scientist,1,Married,7592,Yes,14,3,3,3,0
E1302,53,No,Non-Travel,Research & Development,10,Other,1,4,Laboratory Technician,4,Married,13731,No,20,16,1,11,8
E1303,18,No,Non-Travel,Research & Development,19,Life Sciences,2,1,Research Director,4,Single,4390,No,24,0,2,0,0
E1304,56,Yes,Travel_Rarely,Human Resources,26,Technical Degree,1,3,Manager,1,Married,8125,Yes,18,15,4,14,13
E1305,41,Yes,Non-Travel,Research & Development,17,Human Resources,1,2,Laboratory Technician,2,Married,5250,No,11,6,1,2,0
E1306,24,No,Non-Travel,Human Resources,20,Technical Degree,1,2,Human Resources,2,Married,5943,No,16,4,4,4,1
E1307,30,No,Travel_Rarely,Sales,10,Technical Degree,2,2,Sales Executive,2,Married,7839,Yes,22,10,4,0,0
E1308,41,No,Travel_Frequently,Research & Development,17,Marketing,3,3,Laboratory Technician,1,Married,8236,No,20,12,1,4,4
E1309,31,No,Travel_Rarely,Research & Development,17,Life Sciences,3,2,Laboratory Technician,2,Divorced,7834,No,11,8,3,3,1
E1310,22,No,Travel_Rarely,Human Resources,20,Human Resources,1,2,Human Resources,4,Single,5374,No,16,3,3,3,1
E1311,46,No,Travel_Rarely,Sales,10,Other,2,5,Sales Executive,1,Single,18874,No,16,26,4,0,0
E1312,46,No,Travel_Rarely,Research & Development,11,Human Resources,3,4,Laboratory Technician,1,Divorced,14165,No,11,17,4,4,3
E1313,23,Yes,Travel_Frequently,Human Resources,11,Life Sciences,1,1,Human Resources,2,Divorced,2023,No,16,4,1,4,3
E1314,30,Yes,Travel_Rarely,Research & Development,13,Medical,1,2,Laboratory Technician,2,Married,8155,Yes,23,10,2,3,2
E1315,28,Yes,Travel_Rarely,Research & Development,9,Human Resources,1,1,Research Scientist,2,Married,3264,Yes,12,7,4,7,7
E1316,46,No,Travel_Rarely,Human Resources,6,Human Resources,1,3,Manager,1,Married,10186,No,18,13,2,4,2
E1317,49,Yes,Travel_Frequently,Human Resources,15,Marketing,1,1,Human Resources,1,Divorced,3663,No,20,5,1,5,1
E1318,49,Yes,Non-Travel,Research & Development,25,Medical,3,1,Laboratory Technician,4,Married,3326,No,21,3,3,2,1
E1319,58,No,Travel_Rarely,Sales,1,Marketing,4,5,Manager,1,Divorced,19208,No,15,20,1,4,3
E1320,51,Yes,Travel_Rarely,Research & Development,20,Life Sciences,4,3,Manufacturing Director,2,Married,11074,No,19,17,1,1,0
E1321,31,No,Travel_Rarely,Human Resources,24,Life Sciences,3,1,Human Resources,4,Married,4098,No,21,5,4,3,1
E1322,22,No,Travel_Rarely,Research & Development,24,Life Sciences,2,1,Research Scientist,3,Married,3394,No,20,2,1,2,1
E1323,44,No,Travel_Rarely,Research & Development,25,Human Resources,4,3,Research Scientist,1,Married,10068,No,23,14,4,6,3
E1324,57,Yes,Non-Travel,Sales,10,Life Sciences,4,5,Sales Representative,1,Single,19612,No,14,31,1,7,7
E1325,59,No,Non-Travel,Research & Development,3,Technical Degree,2,1,Laboratory Technician,2,Single,3246,No,12,7,1,7,2
E1326,27,Yes,Travel_Frequently,Sales,29,Medical,1,1,Sales Representative,2,Divorced,3717,Yes,25,2,3,2,2
E1327,28,Yes,Travel_Rarely,Sales,21,Human Resources,2,2,Sales Representative,4,Married,6282,No,22,7,1,0,0
E1328,19,Yes,Non-Travel,Research & Development,11,Life Sciences,2,1,Manufacturing Director,1,Single,4102,Yes,17,0,2,0,0
E1329,24,Yes,Travel_Rarely,Human Resources,25,Other,3,1,Human Resources,1,Divorced,5041,No,19,5,2,5,2
E1330,41,No,Travel_Frequently,Research & Development,11,Life Sciences,1,4,Research Scientist,3,Divorced,16370,No,24,19,3,6,0
E1331,41,No,Travel_Frequently,Human Resources,22,Other,3,3,Manager,4,Married,10883,No,24,19,2,1,1
E1332,33,Yes,Travel_Frequently,Research & Development,28,Life Sciences,2,1,Research Director,1,Married,3756,No,23,5,1,0,0
E1333,31,No,Travel_Rarely,Sales,23,Life Sciences,2,2,Manager,4,Divorced,7273,No,19,5,1,4,0
E1334,53,No,Travel_Rarely,Sales,19,Life Sciences,1,2,Manager,4,Single,5513,No,21,11,1,0,0
E1335,37,No,Travel_Rarely,Human Resources,6,Human Resources,3,2,Human Resources,2,Married,6567,No,19,11,1,1,1
E1336,52,No,Travel_Frequently,Research & Development,28,Marketing,1,5,Research Director,2,Married,18351,No,17,30,3,10,3
E1337,59,Yes,Travel_Frequently,Research & Development,13,Marketing,4,3,Research Director,4,Married,7902,No,21,16,2,0,0
E1338,31,No,Travel_Rarely,Human Resources,19,Human Resources,3,2,Manager,3,Married,8114,Yes,11,7,1,1,0
E1339,26,No,Travel_Frequently,Human Resources,18,Medical,4,1,Human Resources,3,Single,4553,Yes,23,2,2,2,0
E1340,58,Yes,Travel_Rarely,Sales,8,Technical Degree,3,1,Sales Executive,2,Divorced,3608,Yes,15,9,3,0,0
E1341,45,No,Travel_Rarely,Research & Development,18,Medical,4,1,Laboratory Technician,4,Married,2620,No,19,7,2,0,0
E1342,30,Yes,Non-Travel,Research & Development,12,Life Sciences,1,1,Manufacturing Director,2,Divorced,3915,Yes,20,1,2,1,1
E1343,44,Yes,Travel_Frequently,Sales,11,Other,1,5,Manager,2,Married,18692,No,15,23,3,13,9
E1344,40,Yes,Travel_Frequently,Sales,25,Marketing,4,1,Sales Executive,4,Married,4622,No,15,9,3,2,2
E1345,56,No,Non-Travel,Research & Development,21,Other,3,5,Research Director,3,Married,20948,No,13,30,3,12,8
E1346,29,Yes,Travel_Frequently,Research & Development,15,Marketing,3,1,Research Director,4,Married,2952,Yes,12,7,2,6,4
E1347,60,No,Travel_Frequently,Research & Development,1,Other,2,3,Research Director,4,Married,8545,No,24,11,2,11,8
E1348,58,No,Travel_Rarely,Research & Development,21,Medical,2,2,Research Scientist,3,Divorced,5746,No,18,9,4,1,1
E1349,25,No,Non-Travel,Sales,22,Technical Degree,3,2,Sales Executive,1,Divorced,4977,No,21,5,4,0,0
E1350,25,No,Travel_Frequently,Research & Development,5,Marketing,2,2,Research Scientist,4,Married,5909,Yes,13,2,1,0,0
E1351,40,Yes,Travel_Frequently,Sales,22,Other,1,3,Manager,3,Single,8071,No,23,19,4,7,2
E1352,19,Yes,Travel_Rarely,Research & Development,12,Marketing,2,1,Manufacturing Director,1,Married,2000,Yes,15,0,4,0,0
E1353,30,No,Non-Travel,Research & Development,22,Human Resources,2,2,Laboratory Technician,1,Divorced,5721,Yes,17,8,4,1,0
E1354,36,No,Travel_Rarely,Sales,25,Marketing,4,2,Sales Executive,4,Married,5570,No,18,14,2,0,0
E1355,59,No,Travel_Rarely,Sales,21,Marketing,2,3,Sales Representative,1,Married,10293,Yes,22,12,3,0,0
E1356,60,No,Travel_Rarely,Human Resources,28,Human Resources,2,2,Manager,2,Married,5380,Yes,12,14,1,0,0
E1357,24,Yes,Travel_Rarely,Human Resources,3,Technical Degree,3,2,Human Resources,4,Single,7681,No,24,5,1,2,0
E1358,56,No,Travel_Rarely,Research & Development,10,Marketing,1,3,Laboratory Technician,4,Married,8504,No,12,12,3,12,10
E1359,21,Yes,Travel_Rarely,Sales,2,Life Sciences,3,2,Sales Representative,4,Married,4870,Yes,20,1,1,0,0
E1360,50,Yes,Travel_Rarely,Research & Development,6,Life Sciences,1,3,Manufacturing Director,3,Married,7845,Yes,14,14,1,11,4
E1361,54,No,Travel_Rarely,Human Resources,11,Technical Degree,4,2,Manager,2,Married,7393,Yes,24,11,2,0,0
E1362,56,No,Non-Travel,Sales,1,Life Sciences,2,5,Manager,2,Divorced,18268,No,19,28,2,5,5
E1363,27,Yes,Non-Travel,Human Resources,12,Technical Degree,2,2,Human Resources,4,Divorced,6473,Yes,25,6,1,0,0
E1364,56,No,Travel_Rarely,Research & Development,4,Other,2,3,Manufacturing Director,3,Married,8281,No,24,16,4,1,0
E1365,22,No,Travel_Rarely,Research & Development,4,Human Resources,2,2,Research Director,2,Single,8019,No,15,3,3,3,1
E1366,40,Yes,Non-Travel,Research & Development,25,Human Resources,3,1,Research Scientist,4,Married,2129,Yes,14,6,4,6,3
E1367,38,No,Travel_Frequently,Sales,22,Medical,3,1,Sales Executive,2,Divorced,2972,No,12,2,4,0,0
E1368,31,No,Non-Travel,Human Resources,14,Technical Degree,4,2,Human Resources,1,Married,7711,Yes,21,7,3,0,0
E1369,18,Yes,Travel_Rarely,Sales,17,Medical,4,1,Sales Representative,3,Married,2307,Yes,11,0,2,0,0
E1370,51,No,Travel_Rarely,Human Resources,9,Other,2,1,Human Resources,2,Divorced,2544,Yes,13,4,4,4,3
E1371,32,No,Travel_Rarely,Research & Development,15,Life Sciences,3,2,Manufacturing Director,3,Married,7400,No,24,3,3,3,3
E1372,46,Yes,Travel_Frequently,Human Resources,23,Technical Degree,2,4,Human Resources,3,Married,13807,No,20,15,2,2,1
E1373,35,No,Travel_Rarely,Human Resources,16,Marketing,4,4,Manager,3,Married,12780,No,17,13,2,1,1
E1374,34,Yes,Travel_Rarely,Research & Development,24,Life Sciences,1,1,Manufacturing Director,2,Divorced,3028,No,13,2,1,2,2
E1375,56,No,Travel_Rarely,Human Resources,15,Medical,4,4,Manager,2,Married,12934,No,23,16,4,1,0
E1376,22,No,Non-Travel,Research & Development,11,Human Resources,2,1,Laboratory Technician,2,Married,4714,No,23,2,4,0,0
E1377,49,No,Non-Travel,Sales,26,Technical Degree,3,3,Sales Representative,4,Married,9976,Yes,11,12,3,1,0
E1378,50,No,Travel_Rarely,Research & Development,27,Life Sciences,3,2,Research Scientist,3,Married,6811,No,22,8,1,8,1
E1379,34,No,Travel_Frequently,Research & Development,7,Life Sciences,2,2,Manufacturing Director,2,Divorced,5316,No,15,4,4,1,1
E1380,29,Yes,Travel_Rarely,Human Resources,14,Technical Degree,4,2,Human Resources,4,Divorced,7060,No,21,4,1,4,2
E1381,18,No,Non-Travel,Sales,23,Technical Degree,2,1,Sales Executive,4,Divorced,3820,No,15,0,1,0,0
E1382,58,No,Travel_Rarely,Research & Development,8,Marketing,3,5,Research Director,3,Divorced,17782,No,11,33,1,4,4
E1383,58,Yes,Travel_Frequently,Research & Development,22,Life Sciences,4,5,Manufacturing Director,4,Married,20333,Yes,22,25,2,1,0
E1384,28,Yes,Non-Travel,Research & Development,27,Life Sciences,1,2,Research Scientist,4,Married,6718,Yes,23,6,2,0,0
E1385,19,No,Travel_Rarely,Research & Development,7,Life Sciences,4,1,Manufacturing Director,3,Married,4224,No,21,0,4,0,0
E1386,23,No,Travel_Rarely,Research & Development,5,Life Sciences,4,1,Laboratory Technician,1,Married,2450,No,13,2,2,2,1
E1387,20,No,Travel_Rarely,Research & Development,28,Technical Degree,2,1,Research Scientist,2,Married,2000,No,17,0,4,0,0
E1388,53,No,Non-Travel,Human Resources,29,Marketing,4,5,Human Resources,1,Single,19909,No,19,30,2,0,0
E1389,56,No,Travel_Frequently,Human Resources,25,Medical,1,3,Manager,3,Single,10469,No,22,11,3,6,5
E1390,24,No,Travel_Rarely,Human Resources,18,Technical Degree,1,2,Human Resources,1,Single,5961,No,22,4,3,3,1
E1391,50,No,Travel_Rarely,Research & Development,3,Human Resources,4,4,Laboratory Technician,2,Married,13253,No,24,23,4,1,1
E1392,25,Yes,Travel_Frequently,Sales,27,Medical,4,1,Manager,2,Divorced,4354,Yes,20,1,4,1,0
E1393,33,Yes,Non-Travel,Human Resources,6,Technical Degree,1,1,Human Resources,2,Divorced,2451,No,25,7,4,2,1
E1394,43,No,Travel_Rarely,Research & Development,6,Life Sciences,3,1,Research Scientist,3,Divorced,2877,No,23,6,4,2,1
E1395,48,No,Travel_Rarely,Human Resources,21,Technical Degree,1,2,Human Resources,3,Married,6929,No,14,7,1,3,1
E1396,55,Yes,Travel_Rarely,Sales,12,Marketing,4,3,Manager,1,Single,8320,Yes,21,18,1,18,6
E1397,19,Yes,Travel_Rarely,Research & Development,26,Life Sciences,4,1,Research Director,4,Divorced,2000,No,12,0,2,0,0
E1398,26,No,Travel_Rarely,Research & Development,26,Human Resources,2,2,Manufacturing Director,2,Divorced,4780,No,22,6,1,2,0
E1399,30,No,Travel_Rarely,Research & Development,24,Medical,1,2,Research Scientist,1,Divorced,8058,No,14,10,2,1,0
E1400,31,No,Travel_Rarely,Research & Development,25,Human Resources,1,2,Research Director,3,Married,5940,No,15,10,3,4,2
E1401,60,No,Travel_Rarely,Research & Development,16,Marketing,3,2,Research Director,2,Single,7282,No,19,13,2,2,0
E1402,51,No,Non-Travel,Research & Development,26,Human Resources,4,2,Manufacturing Director,3,Divorced,8312,No,16,10,1,6,1
E1403,31,Yes,Travel_Rarely,Research & Development,27,Human Resources,3,1,Research Director,4,Single,3953,No,20,4,4,0,0
E1404,59,No,Travel_Frequently,Sales,9,Marketing,2,2,Manager,3,Divorced,6608,No,18,8,2,0,0
E1405,39,No,Travel_Frequently,Research & Development,13,Human Resources,3,4,Research Scientist,4,Divorced,14793,Yes,20,18,4,4,2
E1406,39,No,Travel_Rarely,Research & Development,18,Marketing,4,1,Laboratory Technician,3,Divorced,3129,No,19,9,3,0,0
E1407,36,No,Non-Travel,Research & Development,25,Technical Degree,4,2,Manufacturing Director,2,Married,6749,No,14,5,3,5,3
E1408,24,No,Travel_Rarely,Human Resources,12,Medical,1,1,Human Resources,4,Divorced,4966,No,21,4,4,4,1
E1409,58,No,Non-Travel,Sales,8,Marketing,1,3,Sales Representative,3,Divorced,10688,Yes,25,17,2,10,3
E1410,18,No,Travel_Rarely,Research & Development,10,Life Sciences,2,1,Manufacturing Director,3,Divorced,2935,No,19,0,1,0,0
E1411,25,Yes,Non-Travel,Sales,24,Marketing,2,1,Sales Executive,2,Married,2654,No,20,1,4,0,0
E1412,27,No,Travel_Frequently,Research & Development,16,Life Sciences,3,1,Manufacturing Director,4,Married,4742,No,21,5,3,1,0
E1413,30,No,Travel_Rarely,Research & Development,8,Marketing,4,3,Research Scientist,4,Divorced,8085,No,12,9,2,2,0
E1414,23,No,Non-Travel,Sales,21,Other,3,1,Sales Representative,4,Single,4464,No,13,1,3,1,1
E1415,18,No,Travel_Frequently,Human Resources,20,Marketing,4,1,Human Resources,2,Single,2343,No,19,0,2,0,0
E1416,47,No,Non-Travel,Sales,16,Marketing,2,4,Sales Executive,4,Married,15675,No,16,23,4,5,0
E1417,59,No,Travel_Rarely,Sales,18,Other,3,5,Manager,3,Married,20392,No,21,33,3,8,8
E1418,23,No,Non-Travel,Research & Development,7,Life Sciences,3,1,Laboratory Technician,1,Divorced,3159,No,24,1,2,1,0
E1419,30,Yes,Non-Travel,Sales,6,Human Resources,2,1,Sales Executive,4,Divorced,2163,No,22,1,3,1,0
E1420,39,No,Travel_Rarely,Sales,24,Technical Degree,3,3,Sales Representative,3,Single,10887,No,14,17,4,6,1
E1421,57,No,Travel_Rarely,Research & Development,20,Marketing,3,4,Research Director,3,Married,14096,No,15,14,2,2,2
E1422,47,No,Travel_Rarely,Research & Development,29,Medical,3,4,Research Scientist,2,Divorced,14092,No,13,18,4,9,2
E1423,50,No,Travel_Rarely,Human Resources,28,Technical Degree,2,5,Human Resources,4,Married,18955,No,12,23,1,14,11
E1424,42,Yes,Non-Travel,Research & Development,11,Marketing,2,1,Laboratory Technician,1,Single,3173,No,22,5,1,2,1
E1425,35,Yes,Non-Travel,Research & Development,14,Marketing,4,3,Research Director,2,Married,10121,Yes,21,12,4,12,6
E1426,26,Yes,Travel_Rarely,Sales,25,Human Resources,3,2,Sales Executive,3,Divorced,5210,Yes,13,7,3,5,2
E1427,55,No,Travel_Rarely,Research & Development,1,Marketing,1,5,Research Scientist,1,Married,18815,Yes,21,26,1,6,0
E1428,52,No,Travel_Rarely,Sales,26,Human Resources,3,4,Sales Representative,1,Married,16011,No,17,16,3,15,11
E1429,19,Yes,Travel_Frequently,Sales,5,Medical,3,1,Sales Executive,3,Married,2000,No,24,0,2,0,0
E1430,48,No,Travel_Rarely,Research & Development,8,Human Resources,4,4,Manufacturing Director,3,Divorced,14491,No,21,16,2,0,0
E1431,21,Yes,Non-Travel,Research & Development,14,Technical Degree,4,1,Laboratory Technician,4,Married,3842,No,15,2,2,2,0
E1432,49,No,Non-Travel,Research & Development,21,Other,3,4,Manufacturing Director,4,Divorced,16317,No,18,24,2,7,6
E1433,53,No,Travel_Rarely,Human Resources,11,Marketing,1,5,Human Resources,1,Divorced,19328,No,14,25,4,1,1
E1434,23,No,Travel_Frequently,Sales,28,Medical,2,1,Manager,2,Married,4376,No,24,1,2,1,1
E1435,36,No,Non-Travel,Research & Development,23,Marketing,1,2,Manufacturing Director,4,Married,5349,No,18,3,2,1,0
E1436,23,No,Non-Travel,Research & Development,22,Technical Degree,1,1,Research Scientist,4,Married,2725,No,24,1,4,1,0
E1437,42,Yes,Travel_Frequently,Sales,23,Marketing,4,2,Sales Executive,1,Single,8227,Yes,18,12,3,1,0
E1438,57,Yes,Travel_Rarely,Human Resources,1,Other,1,3,Human Resources,4,Single,11151,Yes,18,20,1,9,0
E1439,21,Yes,Non-Travel,Human Resources,24,Life Sciences,1,1,Human Resources,1,Single,3443,No,13,1,3,1,1
E1440,35,No,Travel_Rarely,Sales,18,Medical,2,2,Manager,4,Divorced,6394,No,25,7,3,0,0
E1441,59,Yes,Non-Travel,Research & Development,6,Other,2,5,Laboratory Technician,2,Divorced,19069,Yes,21,31,3,9,0
E1442,30,Yes,Travel_Rarely,Human Resources,23,Human Resources,3,3,Manager,1,Divorced,7856,No,15,10,1,2,0
E1443,23,Yes,Non-Travel,Human Resources,4,Life Sciences,2,1,Human Resources,1,Single,4613,Yes,23,1,2,0,0
E1444,39,No,Non-Travel,Research & Development,18,Other,4,4,Manufacturing Director,4,Married,15714,Yes,14,15,3,2,1
E1445,39,No,Travel_Frequently,Human Resources,17,Marketing,1,2,Manager,4,Married,6607,No,12,14,3,2,2
E1446,46,No,Travel_Rarely,Human Resources,1,Technical Degree,4,3,Manager,1,Single,8828,No,21,15,3,6,2
E1447,31,No,Travel_Rarely,Human Resources,11,Life Sciences,4,1,Manager,4,Married,2770,No,22,3,4,1,0
E1448,59,No,Non-Travel,Research & Development,4,Life Sciences,3,5,Manufacturing Director,4,Married,17921,No,19,31,3,2,1
E1449,40,No,Non-Travel,Research & Development,28,Human Resources,1,3,Manufacturing Director,3,Divorced,10576,No,21,20,2,4,2
E1450,30,Yes,Travel_Frequently,Research & Development,24,Medical,3,1,Manufacturing Director,1,Single,3718,No,14,8,3,6,5
E1451,59,No,Non-Travel,Human Resources,29,Life Sciences,3,5,Human Resources,2,Divorced,18469,No,15,35,2,15,13
E1452,57,No,Non-Travel,Research & Development,15,Human Resources,3,5,Manufacturing Director,1,Divorced,19831,No,16,35,2,7,6
E1453,39,Yes,Travel_Rarely,Research & Development,10,Medical,2,1,Research Director,2,Single,5197,Yes,14,8,3,0,0
E1454,19,Yes,Non-Travel,Research & Development,28,Other,2,1,Manufacturing Director,2,Married,2000,No,14,0,2,0,0
E1455,43,Yes,Non-Travel,Research & Development,9,Medical,2,3,Manufacturing Director,3,Married,9335,Yes,11,12,3,3,2
E1456,41,No,Travel_Rarely,Human Resources,13,Life Sciences,3,5,Human Resources,3,Divorced,18820,No,14,21,3,3,2
E1457,24,No,Travel_Rarely,Sales,4,Marketing,2,1,Sales Representative,1,Divorced,2074,No,19,1,4,1,1
E1458,45,Yes,Travel_Frequently,Sales,24,Medical,2,2,Sales Executive,4,Divorced,6791,Yes,16,12,1,12,2
E1459,54,No,Travel_Rarely,Research & Development,4,Technical Degree,4,5,Research Scientist,3,Married,19571,No,17,30,2,12,4
E1460,22,No,Travel_Rarely,Sales,2,Medical,2,1,Sales Representative,3,Divorced,2041,No,24,1,4,1,1
E1461,49,No,Travel_Frequently,Human Resources,25,Other,3,5,Human Resources,4,Divorced,17712,No,11,23,2,7,4
E1462,24,Yes,Non-Travel,Sales,25,Marketing,4,1,Sales Representative,3,Married,4527,Yes,23,2,3,2,0
E1463,50,Yes,Travel_Rarely,Human Resources,25,Human Resources,4,5,Manager,4,Single,18500,Yes,11,29,3,5,2
E1464,36,No,Non-Travel,Sales,25,Human Resources,3,2,Manager,2,Married,7256,No,18,15,4,7,1
E1465,18,Yes,Travel_Rarely,Research & Development,5,Other,2,1,Laboratory Technician,3,Single,3644,No,12,0,1,0,0
E1466,59,No,Travel_Frequently,Sales,11,Technical Degree,1,5,Sales Representative,4,Divorced,20387,No,18,30,2,10,5
E1467,25,No,Non-Travel,Human Resources,23,Medical,4,1,Manager,4,Married,4120,No,24,2,2,2,1
E1468,43,No,Travel_Rarely,Human Resources,9,Technical Degree,3,2,Human Resources,2,Married,7992,No,11,15,3,2,1
E1469,25,No,Travel_Rarely,Research & Development,23,Marketing,3,2,Research Director,3,Married,6798,No,18,4,4,4,0
E1470,58,No,Non-Travel,Sales,27,Technical Degree,4,5,Manager,4,Divorced,19103,No,17,32,1,0,0
E1471,49,No,Travel_Rarely,Human Resources,28,Medical,2,1,Manager,3,Divorced,2947,Yes,17,3,1,3,0
E1472,52,No,Non-Travel,Sales,23,Technical Degree,1,1,Sales Executive,4,Married,3137,No,20,9,4,9,4
E1473,36,Yes,Travel_Rarely,Sales,24,Other,3,2,Sales Representative,4,Married,6394,No,15,12,3,1,1
E1474,38,Yes,Travel_Frequently,Research & Development,18,Human Resources,4,2,Research Director,2,Single,5343,No,22,11,3,11,1
E1475,45,No,Travel_Frequently,Human Resources,3,Other,1,2,Human Resources,2,Single,6494,Yes,14,14,1,14,13
E1476,51,Yes,Non-Travel,Human Resources,13,Life Sciences,4,2,Human Resources,2,Divorced,5973,Yes,16,4,3,4,3
E1477,54,No,Travel_Frequently,Research & Development,28,Technical Degree,3,3,Manufacturing Director,2,Divorced,7931,No,18,14,2,11,2
E1478,18,Yes,Travel_Frequently,Research & Development,27,Life Sciences,3,1,Laboratory Technician,3,Divorced,2413,No,24,0,3,0,0
E1479,46,Yes,Travel_Rarely,Research & Development,7,Medical,4,1,Manufacturing Director,2,Married,4202,No,19,3,1,3,0
E1480,22,Yes,Travel_Rarely,Research & Development,22,Human Resources,2,1,Laboratory Technician,4,Single,3513,Yes,23,1,2,1,0
E1481,30,No,Travel_Rarely,Research & Development,9,Life Sciences,3,3,Research Director,3,Single,10472,No,13,10,3,8,8
E1482,53,Yes,Travel_Rarely,Human Resources,13,Marketing,1,1,Human Resources,3,Married,3549,No,12,5,3,3,2
E1483,28,Yes,Non-Travel,Human Resources,19,Life Sciences,3,2,Human Resources,4,Married,7719,No,18,7,4,1,1
E1484,52,Yes,Travel_Rarely,Research & Development,15,Medical,1,3,Research Scientist,4,Single,10436,Yes,24,10,4,5,3
E1485,37,Yes,Travel_Frequently,Human Resources,18,Life Sciences,1,2,Human Resources,1,Single,5394,No,14,15,1,10,9
E1486,28,Yes,Travel_Frequently,Research & Development,3,Marketing,2,1,Research Scientist,4,Married,5150,No,14,7,1,6,6
E1487,32,No,Non-Travel,Human Resources,9,Technical Degree,2,2,Manager,4,Divorced,4942,No,13,11,2,0,0
E1488,40,Yes,Travel_Frequently,Research & Development,24,Technical Degree,4,2,Laboratory Technician,2,Married,6779,No,24,6,4,1,0
E1489,50,No,Travel_Rarely,Research & Development,18,Other,4,3,Research Scientist,1,Divorced,10704,No,12,17,2,7,3
E1490,44,No,Travel_Rarely,Research & Development,25,Life Sciences,4,4,Laboratory Technician,3,Married,14172,No,20,19,4,9,3
E1491,58,No,Travel_Rarely,Human Resources,28,Marketing,3,3,Manager,4,Married,9825,No,16,12,1,0,0
E1492,55,No,Travel_Rarely,Human Resources,11,Technical Degree,1,3,Manager,3,Single,8917,No,17,10,4,2,0
E1493,50,No,Travel_Rarely,Research & Development,8,Life Sciences,3,1,Research Director,3,Married,2000,No,21,3,1,3,3
E1494,43,Yes,Travel_Frequently,Human Resources,9,Life Sciences,2,4,Human Resources,1,Married,13160,Yes,17,22,4,5,0
E1495,30,Yes,Travel_Rarely,Research & Development,17,Medical,3,2,Research Director,4,Divorced,5102,No,11,8,4,0,0
E1496,35,Yes,Non-Travel,Research & Development,8,Other,3,2,Laboratory Technician,4,Married,5194,No,19,10,2,1,0
E1497,23,Yes,Travel_Rarely,Research & Development,12,Technical Degree,4,2,Research Director,1,Single,6708,Yes,11,3,2,3,0
E1498,34,No,Non-Travel,Human Resources,6,Technical Degree,2,1,Human Resources,2,Single,3611,Yes,23,8,3,8,7
E1499,57,No,Travel_Rarely,Human Resources,12,Technical Degree,4,3,Manager,4,Married,9604,No,25,19,3,3,1
E1500,36,No,Travel_Rarely,Sales,28,Human Resources,3,2,Manager,3,Married,7192,No,23,8,1,1,1
E1501,22,No,Travel_Rarely,Sales,13,Technical Degree,3,1,Sales Executive,2,Married,2000,No,17,2,1,2,2
E1502,46,No,Non-Travel,Human Resources,23,Human Resources,4,1,Manager,3,Married,2678,Yes,17,7,4,1,0
E1503,59,No,Travel_Frequently,Research & Development,13,Medical,4,5,Research Scientist,1,Divorced,20371,No,19,35,4,2,0
E1504,55,No,Travel_Rarely,Research & Development,13,Human Resources,2,5,Research Director,4,Married,20595,No,23,29,1,7,0
E1505,29,No,Non-Travel,Research & Development,20,Life Sciences,1,2,Manufacturing Director,3,Married,6144,No,22,4,4,4,0
E1506,37,Yes,Travel_Rarely,Research & Development,4,Marketing,1,1,Research Director,3,Married,2175,No,18,11,4,11,11
E1507,40,No,Travel_Rarely,Research & Development,11,Medical,2,1,Research Director,3,Divorced,4406,No,23,4,4,2,2
E1508,28,No,Travel_Frequently,Research & Development,5,Life Sciences,3,2,Laboratory Technician,3,Single,7908,No,17,9,1,4,1
E1509,29,No,Travel_Frequently,Sales,6,Technical Degree,4,3,Sales Representative,2,Single,9058,Yes,22,9,3,1,1
E1510,28,Yes,Travel_Rarely,Research & Development,21,Other,1,1,Manufacturing Director,1,Single,2622,No,14,8,1,0,0
E1511,60,No,Non-Travel,Human Resources,6,Life Sciences,2,4,Human Resources,2,Divorced,13044,No,17,16,1,2,0
E1512,50,No,Non-Travel,Sales,6,Other,4,3,Sales Executive,4,Divorced,9599,No,23,7,1,0,0
E1513,54,No,Non-Travel,Human Resources,17,Other,4,2,Human Resources,1,Married,8035,Yes,14,10,2,5,4
E1514,53,No,Travel_Rarely,Research & Development,11,Other,4,2,Research Director,2,Divorced,7063,Yes,20,6,3,0,0
E1515,59,No,Non-Travel,Human Resources,4,Life Sciences,4,2,Human Resources,4,Married,5880,No,15,8,1,1,0
E1516,22,Yes,Travel_Rarely,Sales,28,Other,1,1,Sales Representative,3,Divorced,3700,Yes,17,0,1,0,0
E1517,55,No,Non-Travel,Human Resources,27,Marketing,3,5,Human Resources,1,Divorced,20522,No,15,34,2,2,0
E1518,20,No,Travel_Frequently,Sales,17,Technical Degree,3,1,Sales Representative,4,Divorced,3115,No,20,0,1,0,0
E1519,38,Yes,Travel_Frequently,Sales,16,Medical,2,2,Manager,1,Married,7479,Yes,22,4,4,4,3
E1520,43,Yes,Travel_Rarely,Research & Development,24,Technical Degree,4,4,Research Director,2,Married,14422,Yes,23,20,1,7,2
E1521,33,Yes,Non-Travel,Sales,29,Technical Degree,4,3,Sales Representative,1,Single,8790,No,16,8,2,8,7
E1522,24,No,Travel_Rarely,Research & Development,4,Human Resources,2,1,Research Director,2,Divorced,3650,No,13,4,2,2,1
E1523,26,No,Travel_Frequently,Human Resources,3,Marketing,3,2,Human Resources,2,Married,6276,No,24,5,1,1,1
E1524,53,No,Travel_Rarely,Sales,10,Life Sciences,2,5,Manager,2,Married,20830,No,16,29,4,2,1
E1525,31,Yes,Non-Travel,Research & Development,9,Technical Degree,3,1,Research Scientist,4,Married,3577,Yes,20,8,1,8,4
E1526,31,Yes,Travel_Rarely,Human Resources,26,Human Resources,4,1,Human Resources,3,Divorced,3078,Yes,16,7,2,7,2
E1527,57,No,Non-Travel,Research & Development,15,Life Sciences,4,5,Research Scientist,2,Married,18712,Yes,23,27,3,9,2
E1528,24,No,Non-Travel,Research & Development,24,Human Resources,1,2,Research Scientist,2,Divorced,6448,No,12,2,2,0,0
E1529,57,No,Travel_Frequently,Research & Development,20,Human Resources,4,3,Research Director,2,Married,9092,No,11,15,2,4,3
E1530,57,No,Travel_Rarely,Human Resources,21,Technical Degree,3,4,Human Resources,2,Divorced,15540,No,16,19,1,13,3
E1531,43,Yes,Travel_Rarely,Research & Development,28,Other,3,1,Research Director,4,Married,3022,Yes,17,6,2,3,3
E1532,25,Yes,Travel_Frequently,Human Resources,18,Marketing,1,1,Human Resources,1,Married,2995,No,22,5,1,5,4
E1533,24,Yes,Travel_Frequently,Research & Development,23,Life Sciences,2,1,Research Scientist,3,Divorced,3649,No,18,1,2,1,0
E1534,30,No,Travel_Frequently,Sales,8,Technical Degree,2,1,Sales Representative,2,Married,2000,No,14,2,2,2,0
E1535,42,No,Travel_Rarely,Research & Development,8,Technical Degree,1,3,Research Scientist,2,Married,9824,No,12,7,2,3,2
E1536,24,Yes,Travel_Frequently,Research & Development,17,Other,4,1,Laboratory Technician,2,Married,3377,Yes,23,4,1,0,0
E1537,37,No,Travel_Rarely,Sales,27,Medical,1,3,Sales Representative,1,Married,9116,No,18,7,4,5,5
E1538,22,Yes,Travel_Rarely,Sales,2,Life Sciences,3,1,Manager,3,Married,4047,No,25,2,1,2,1
E1539,41,No,Travel_Rarely,Human Resources,15,Human Resources,3,5,Manager,3,Married,19664,No,15,19,1,8,0
E1540,18,Yes,Travel_Frequently,Human Resources,6,Medical,3,1,Human Resources,3,Divorced,4412,Yes,14,0,1,0,0
E1541,48,No,Travel_Frequently,Sales,26,Medical,4,3,Manager,1,Divorced,9442,No,15,22,4,0,0
E1542,20,No,Non-Travel,Research & Development,16,Human Resources,1,1,Manufacturing Director,3,Married,2595,No,17,0,2,0,0
E1543,26,Yes,Travel_Rarely,Research & Development,2,Medical,1,1,Research Scientist,1,Single,4030,No,13,2,2,2,0
E1544,25,Yes,Travel_Rarely,Human Resources,1,Human Resources,4,1,Manager,2,Single,3646,Yes,12,4,4,4,4
E1545,53,Yes,Travel_Rarely,Sales,19,Medical,1,5,Manager,3,Single,19661,No,22,30,1,1,1
E1546,20,No,Non-Travel,Human Resources,7,Technical Degree,2,1,Manager,4,Married,3394,No,21,0,1,0,0
E1547,36,No,Non-Travel,Research & Development,2,Technical Degree,3,2,Laboratory Technician,4,Divorced,7554,No,18,10,1,1,0
E1548,43,No,Travel_Rarely,Research & Development,5,Technical Degree,3,2,Laboratory Technician,3,Married,5435,No,18,8,3,5,2
E1549,40,Yes,Travel_Frequently,Human Resources,5,Medical,1,3,Human Resources,1,Married,9675,Yes,18,12,4,8,7
E1550,47,No,Travel_Rarely,Sales,11,Life Sciences,1,4,Sales Executive,4,Married,13523,Yes,19,18,3,10,4
E1551,52,Yes,Travel_Rarely,Research & Development,21,Technical Degree,4,4,Laboratory Technician,2,Divorced,14515,No,15,21,4,1,0
E1552,34,No,Travel_Frequently,Sales,25,Marketing,3,3,Sales Executive,3,Married,9974,No,22,10,4,2,2
E1553,53,No,Non-Travel,Research & Development,16,Other,4,3,Research Scientist,1,Married,9256,No,11,7,2,7,6
E1554,31,Yes,Travel_Rarely,Human Resources,28,Other,3,2,Manager,2,Married,6099,No,22,8,1,0,0
E1555,60,No,Non-Travel,Research & Development,23,Life Sciences,3,4,Research Scientist,2,Divorced,16467,No,22,28,1,0,0
E1556,39,No,Travel_Rarely,Human Resources,5,Marketing,2,2,Human Resources,3,Married,7715,No,18,14,4,2,1
E1557,49,No,Travel_Frequently,Human Resources,22,Marketing,1,1,Human Resources,4,Married,3492,No,15,5,3,0,0
E1558,55,No,Travel_Rarely,Research & Development,7,Marketing,3,3,Research Scientist,1,Married,11255,No,24,17,4,6,3
E1559,52,Yes,Travel_Rarely,Sales,28,Human Resources,3,4,Manager,3,Single,14335,Yes,23,15,3,11,1
E1560,54,Yes,Travel_Rarely,Research & Development,25,Marketing,2,2,Research Director,4,Divorced,7448,No,24,6,4,5,5
E1561,41,No,Non-Travel,Research & Development,2,Life Sciences,4,2,Manufacturing Director,1,Single,5278,No,11,6,4,6,2
E1562,19,Yes,Travel_Frequently,Research & Development,6,Marketing,3,1,Manufacturing Director,3,Married,2450,No,20,0,4,0,0
E1563,39,No,Travel_Frequently,Sales,13,Human Resources,3,2,Sales Executive,4,Married,6233,No,11,15,4,9,8
E1564,25,No,Travel_Rarely,Human Resources,22,Marketing,3,2,Manager,1,Married,4900,No,11,2,1,2,2
E1565,56,No,Non-Travel,Research & Development,17,Medical,1,4,Research Director,3,Single,15206,No,11,30,3,12,2
E1566,28,No,Non-Travel,Research & Development,3,Human Resources,4,2,Laboratory Technician,2,Single,5323,No,22,5,4,2,1
E1567,27,Yes,Travel_Rarely,Research & Development,19,Life Sciences,1,2,Manufacturing Director,3,Divorced,6910,No,21,6,2,2,1
E1568,28,Yes,Non-Travel,Human Resources,19,Marketing,1,2,Manager,3,Married,5315,Yes,24,5,4,5,1
E1569,45,No,Travel_Rarely,Research & Development,27,Life Sciences,4,4,Manufacturing Director,1,Married,13242,Yes,20,14,2,12,0
E1570,42,No,Travel_Rarely,Research & Development,8,Technical Degree,1,3,Research Scientist,1,Married,11242,No,19,15,1,4,3
E1571,58,No,Travel_Rarely,Research & Development,2,Other,3,5,Laboratory Technician,2,Married,19954,No,13,35,3,7,6
E1572,35,No,Travel_Rarely,Research & Development,22,Marketing,1,2,Research Scientist,2,Married,8048,No,21,8,1,1,1
E1573,30,Yes,Non-Travel,Sales,21,Other,3,2,Sales Executive,2,Married,6405,No,24,6,2,3,1
E1574,20,No,Travel_Rarely,Human Resources,16,Other,1,1,Manager,4,Divorced,2000,No,16,1,4,1,0
E1575,18,Yes,Travel_Frequently,Research & Development,21,Human Resources,2,1,Research Scientist,3,Divorced,3460,No,21,0,1,0,0
E1576,34,Yes,Non-Travel,Sales,6,Medical,3,1,Manager,2,Married,3484,Yes,18,2,1,0,0
E1577,57,No,Non-Travel,Human Resources,4,Life Sciences,2,3,Human Resources,3,Single,8102,No,18,20,4,2,2
E1578,40,No,Travel_Rarely,Research & Development,12,Life Sciences,1,3,Laboratory Technician,1,Divorced,10704,Yes,22,11,4,6,6
E1579,56,No,Travel_Rarely,Research & Development,26,Marketing,1,5,Manufacturing Director,1,Married,19740,Yes,15,33,2,0,0
E1580,22,No,Travel_Rarely,Research & Development,15,Marketing,1,2,Research Scientist,1,Married,7136,Yes,24,2,2,2,0
E1581,22,Yes,Non-Travel,Human Resources,19,Medical,1,1,Human Resources,2,Single,3219,Yes,25,1,4,1,1
E1582,53,No,Non-Travel,Research & Development,29,Other,2,5,Laboratory Technician,3,Married,19694,Yes,12,32,3,5,2
E1583,22,Yes,Travel_Frequently,Research & Development,9,Human Resources,1,1,Research Scientist,3,Married,2391,No,18,1,4,1,0
E1584,20,Yes,Travel_Rarely,Research & Development,14,Human Resources,3,1,Research Director,3,Divorced,4858,No,11,0,1,0,0
E1585,35,No,Non-Travel,Sales,20,Technical Degree,4,2,Sales Representative,1,Married,6013,Yes,16,4,3,4,0
E1586,57,No,Travel_Rarely,Research & Development,5,Technical Degree,3,1,Research Director,3,Married,2298,No,16,7,3,0,0
E1587,47,Yes,Travel_Rarely,Sales,12,Other,2,1,Manager,3,Married,2000,No,20,2,1,0,0
E1588,22,No,Non-Travel,Sales,17,Marketing,2,1,Sales Representative,4,Divorced,3717,No,16,1,3,1,1
E1589,53,No,Travel_Rarely,Research & Development,9,Life Sciences,4,5,Research Director,1,Divorced,20732,No,16,26,1,0,0
E1590,54,No,Non-Travel,Research & Development,7,Medical,4,5,Research Scientist,1,Divorced,20425,Yes,22,26,4,0,0
E1591,52,No,Travel_Rarely,Research & Development,13,Medical,3,1,Laboratory Technician,2,Married,4067,No,22,4,3,4,3
E1592,56,No,Travel_Rarely,Research & Development,26,Other,1,3,Manufacturing Director,1,Married,11597,No,11,22,1,4,2
E1593,28,Yes,Travel_Rarely,Research & Development,13,Technical Degree,4,1,Laboratory Technician,1,Single,4060,No,16,2,3,2,0
E1594,60,No,Travel_Rarely,Research & Development,25,Marketing,3,5,Manufacturing Director,1,Divorced,18837,No,22,35,1,7,3
E1595,31,Yes,Non-Travel,Research & Development,20,Life Sciences,1,2,Research Director,3,Married,6674,No,12,3,4,3,0
E1596,52,No,Travel_Rarely,Research & Development,4,Human Resources,2,5,Laboratory Technician,2,Divorced,17369,No,19,21,1,1,1
E1597,42,No,Non-Travel,Research & Development,27,Technical Degree,3,3,Laboratory Technician,4,Divorced,8386,No,18,9,3,4,4
E1598,51,No,Travel_Rarely,Human Resources,18,Human Resources,4,5,Manager,1,Married,18551,No,21,21,1,5,1
E1599,44,No,Travel_Rarely,Sales,17,Life Sciences,4,2,Manager,4,Single,5596,Yes,21,11,1,11,7
E1600,45,No,Travel_Rarely,Research & Development,21,Technical Degree,1,5,Research Director,2,Single,20387,Yes,18,20,4,4,1
E1601,44,No,Travel_Frequently,Research & Development,2,Marketing,3,1,Research Director,3,Divorced,5215,Yes,17,7,2,4,0
E1602,51,Yes,Travel_Rarely,Research & Development,8,Medical,4,4,Research Scientist,4,Married,14668,Yes,22,28,1,12,8
E1603,49,No,Travel_Rarely,Research & Development,24,Medical,4,4,Research Scientist,2,Married,15372,No,16,16,3,0,0
E1604,23,No,Travel_Frequently,Sales,19,Medical,3,1,Sales Representative,1,Divorced,2997,No,17,3,1,3,3
E1605,53,No,Travel_Rarely,Research & Development,12,Human Resources,4,5,Laboratory Technician,1,Married,17858,Yes,17,28,3,2,0
E1606,41,No,Non-Travel,Human Resources,14,Life Sciences,3,4,Manager,4,Divorced,14269,No,16,21,4,7,4
E1607,31,No,Travel_Rarely,Sales,18,Other,3,2,Manager,1,Married,5387,Yes,20,3,3,1,0
E1608,40,No,Non-Travel,Human Resources,14,Other,3,1,Manager,4,Divorced,2878,No,20,7,1,2,0
E1609,59,No,Travel_Rarely,Research & Development,14,Other,4,2,Laboratory Technician,3,Single,5683,No,24,12,1,0,0
E1610,54,No,Non-Travel,Human Resources,16,Other,2,3,Manager,3,Married,8083,No,17,11,1,11,0
E1611,53,No,Travel_Rarely,Research & Development,9,Medical,4,3,Laboratory Technician,2,Single,8811,No,22,20,3,9,3
E1612,37,No,Travel_Rarely,Human Resources,17,Marketing,1,3,Manager,4,Single,11100,No,15,17,3,16,6
E1613,51,No,Travel_Frequently,Sales,21,Life Sciences,2,5,Sales Executive,1,Divorced,17788,No,25,31,3,3,2
E1614,34,No,Travel_Rarely,Sales,21,Other,4,3,Sales Representative,3,Married,8707,No,24,8,2,1,0
E1615,47,No,Travel_Rarely,Research & Development,18,Human Resources,1,4,Laboratory Technician,1,Married,14820,No,19,18,1,1,0
E1616,45,No,Travel_Frequently,Human Resources,14,Life Sciences,4,3,Human Resources,2,Married,9371,No,21,22,4,0,0
E1617,28,Yes,Non-Travel,Research & Development,19,Other,3,2,Research Scientist,1,Single,6582,No,19,8,3,2,2
E1618,29,No,Travel_Rarely,Research & Development,21,Life Sciences,1,1,Manufacturing Director,3,Single,2000,No,13,3,3,2,0
E1619,20,Yes,Travel_Frequently,Research & Development,9,Human Resources,1,1,Research Scientist,1,Divorced,3760,Yes,25,1,1,1,0
E1620,24,Yes,Travel_Rarely,Human Resources,15,Life Sciences,1,1,Human Resources,1,Single,3582,Yes,22,4,2,4,0
E1621,36,Yes,Travel_Rarely,Human Resources,20,Human Resources,2,1,Human Resources,2,Married,4073,Yes,17,6,2,4,4
E1622,38,No,Non-Travel,Human Resources,20,Other,2,1,Human Resources,2,Single,3795,No,14,9,3,3,1
E1623,25,No,Travel_Rarely,Sales,15,Other,4,2,Sales Representative,4,Divorced,6223,No,21,6,4,6,0
E1624,35,Yes,Travel_Rarely,Human Resources,8,Life Sciences,4,2,Human Resources,4,Single,6275,Yes,17,15,4,2,2
E1625,43,No,Travel_Frequently,Research & Development,27,Life Sciences,1,4,Manufacturing Director,2,Married,13883,No,23,21,3,5,4
E1626,28,Yes,Travel_Rarely,Research & Development,16,Life Sciences,3,1,Manufacturing Director,3,Divorced,3480,No,14,7,2,0,0
E1627,32,No,Non-Travel,Research & Development,16,Human Resources,4,2,Manufacturing Director,4,Married,4701,No,18,4,2,0,0
E1628,33,No,Travel_Frequently,Human Resources,14,Medical,3,1,Manager,2,Married,2799,Yes,12,5,3,5,2
E1629,39,Yes,Travel_Rarely,Research & Development,23,Marketing,1,3,Research Scientist,4,Married,10063,Yes,21,11,2,11,3
E1630,33,No,Non-Travel,Research & Development,9,Marketing,1,1,Manufacturing Director,3,Married,2151,No,16,8,2,8,2
E1631,49,No,Travel_Frequently,Research & Development,28,Marketing,3,3,Research Scientist,3,Married,8110,No,13,16,4,3,3
E1632,32,No,Travel_Frequently,Sales,2,Marketing,4,1,Manager,4,Married,4053,No,19,8,3,0,0
E1633,36,No,Travel_Rarely,Research & Development,1,Marketing,1,1,Laboratory Technician,2,Married,3162,No,19,8,2,1,1
E1634,34,No,Travel_Rarely,Research & Development,15,Medical,1,2,Laboratory Technician,1,Divorced,7696,No,15,11,3,6,4
E1635,25,No,Travel_Rarely,Research & Development,25,Marketing,1,2,Research Scientist,3,Married,7811,No,25,2,2,2,1
E1636,47,No,Travel_Frequently,Sales,1,Human Resources,2,3,Sales Representative,2,Divorced,11040,No,12,11,1,2,1
E1637,28,Yes,Non-Travel,Sales,20,Life Sciences,4,1,Sales Representative,1,Single,3020,No,15,2,4,1,1
E1638,30,Yes,Non-Travel,Sales,12,Other,4,1,Manager,1,Married,2495,Yes,14,3,2,2,0
E1639,52,Yes,Travel_Frequently,Research & Development,1,Marketing,2,5,Research Scientist,3,Married,19460,No,24,27,2,1,0
E1640,58,No,Travel_Rarely,Research & Development,11,Medical,3,4,Laboratory Technician,4,Married,15209,Yes,14,19,1,3,0
E1641,46,No,Travel_Frequently,Sales,19,Marketing,1,1,Manager,2,Married,3948,No,14,8,4,8,6
E1642,57,No,Travel_Frequently,Research & Development,19,Other,3,5,Research Director,3,Married,18536,Yes,19,29,3,9,5
E1643,54,Yes,Travel_Frequently,Research & Development,25,Human Resources,3,4,Research Director,1,Single,13273,No,14,20,2,11,5
E1644,38,No,Travel_Frequently,Research & Development,29,Human Resources,4,1,Manufacturing Director,1,Married,2265,No,15,2,3,0,0
E1645,51,No,Travel_Frequently,Sales,2,Medical,4,2,Manager,4,Divorced,5470,Yes,14,12,2,12,10
E1646,32,Yes,Travel_Frequently,Sales,25,Other,1,1,Sales Executive,3,Married,2004,Yes,19,3,2,0,0
E1647,37,No,Travel_Rarely,Research & Development,1,Human Resources,2,2,Research Director,1,Single,8172,No,22,12,2,12,4
E1648,41,Yes,Travel_Rarely,Sales,29,Life Sciences,1,2,Sales Representative,3,Married,4778,Yes,18,7,1,7,6
E1649,59,No,Travel_Rarely,Research & Development,23,Marketing,1,1,Laboratory Technician,3,Divorced,3797,No,24,6,4,6,4
E1650,54,No,Non-Travel,Sales,28,Other,1,2,Sales Executive,1,Married,7966,No,14,5,4,0,0
E1651,39,No,Travel_Rarely,Sales,2,Technical Degree,4,3,Sales Representative,2,Single,8990,Yes,23,12,4,2,0
E1652,46,No,Travel_Rarely,Research & Development,3,Technical Degree,2,2,Research Scientist,4,Married,6415,No,22,3,2,1,1
E1653,26,Yes,Travel_Rarely,Research & Development,29,Marketing,3,1,Manufacturing Director,2,Divorced,4125,No,12,6,4,0,0
E1654,52,Yes,Travel_Rarely,Human Resources,9,Life Sciences,3,1,Human Resources,3,Married,2840,Yes,21,7,2,4,4
E1655,41,No,Non-Travel,Research & Development,12,Other,4,3,Laboratory Technician,3,Married,9482,Yes,25,14,4,5,4
E1656,40,No,Travel_Rarely,Sales,9,Human Resources,3,2,Sales Executive,1,Married,7710,No,21,10,1,2,2
E1657,50,Yes,Travel_Rarely,Sales,5,Medical,4,4,Sales Representative,4,Married,15459,No,14,15,2,11,0
E1658,45,No,Travel_Rarely,Research & Development,3,Medical,2,1,Laboratory Technician,4,Married,4440,No,17,4,3,4,2
E1659,21,No,Travel_Rarely,Human Resources,4,Technical Degree,4,2,Human Resources,3,Married,7986,No,24,2,4,1,0
E1660,30,No,Travel_Rarely,Research & Development,25,Human Resources,4,1,Research Director,1,Married,3146,No,15,10,2,5,1
E1661,25,Yes,Travel_Rarely,Human Resources,1,Life Sciences,3,1,Manager,4,Married,4065,No,18,0,2,0,0
E1662,49,No,Non-Travel,Research & Development,26,Technical Degree,2,1,Laboratory Technician,1,Married,3840,No,19,7,4,4,1
E1663,19,No,Travel_Rarely,Sales,7,Other,1,1,Sales Executive,3,Married,3783,No,23,0,2,0,0
E1664,26,Yes,Non-Travel,Research & Development,18,Marketing,1,1,Research Director,2,Single,4200,Yes,25,4,3,3,2
E1665,43,No,Travel_Rarely,Human Resources,8,Life Sciences,2,1,Manager,3,Married,4274,No,21,5,2,5,1
E1666,47,No,Travel_Rarely,Research & Development,26,Life Sciences,2,2,Manufacturing Director,1,Married,7830,No,17,7,1,0,0
E1667,39,No,Travel_Rarely,Human Resources,2,Life Sciences,1,3,Manager,4,Married,8993,No,17,13,2,13,5
E1668,55,No,Non-Travel,Research & Development,21,Other,4,4,Research Scientist,3,Married,15577,No,20,26,3,13,9
E1669,57,No,Travel_Rarely,Human Resources,28,Marketing,1,3,Human Resources,2,Divorced,9151,No,12,23,1,5,0
E1670,23,Yes,Non-Travel,Research & Development,13,Life Sciences,2,1,Research Scientist,2,Married,3691,No,17,4,1,4,3
E1671,58,No,Non-Travel,Research & Development,14,Other,2,3,Manufacturing Director,3,Married,10679,No,16,20,4,10,3
E1672,44,No,Travel_Rarely,Research & Development,5,Human Resources,4,1,Research Director,1,Married,4579,No,24,9,1,0,0
E1673,45,Yes,Travel_Rarely,Sales,26,Life Sciences,1,3,Sales Representative,2,Married,9240,No,23,13,1,13,10
E1674,22,No,Travel_Frequently,Research & Development,28,Human Resources,4,1,Manufacturing Director,4,Single,3271,No,14,1,3,0,0
E1675,44,Yes,Travel_Rarely,Sales,15,Medical,3,2,Manager,4,Single,5898,Yes,20,7,3,4,3
E1676,49,Yes,Non-Travel,Human Resources,21,Life Sciences,4,1,Manager,2,Single,2202,No,17,4,1,0,0
E1677,42,No,Travel_Rarely,Research & Development,22,Life Sciences,4,1,Research Scientist,3,Married,2722,No,23,9,1,0,0
E1678,21,No,Non-Travel,Sales,11,Technical Degree,4,1,Sales Executive,2,Married,4722,No,18,2,4,2,1
E1679,40,No,Non-Travel,Sales,1,Other,2,1,Sales Executive,1,Married,2611,No,20,2,3,2,2
E1680,58,No,Travel_Frequently,Research & Development,4,Other,3,2,Manufacturing Director,2,Single,8582,No,21,18,3,5,5
E1681,49,No,Non-Travel,Human Resources,27,Human Resources,2,3,Human Resources,1,Married,8895,No,23,20,1,4,3
E1682,23,Yes,Non-Travel,Sales,24,Other,4,2,Manager,4,Married,7101,No,21,3,1,3,0
E1683,59,No,Travel_Frequently,Research & Development,3,Medical,1,5,Laboratory Technician,1,Married,19499,Yes,15,31,1,5,1
E1684,59,No,Travel_Frequently,Sales,24,Life Sciences,3,5,Manager,1,Married,19969,No,22,32,4,12,11
E1685,25,Yes,Travel_Rarely,Research & Development,26,Life Sciences,1,1,Research Director,3,Married,3864,No,15,4,4,0,0
E1686,52,No,Travel_Rarely,Research & Development,16,Medical,2,2,Research Scientist,1,Divorced,7164,No,21,6,3,0,0
E1687,35,No,Non-Travel,Human Resources,14,Human Resources,4,3,Manager,4,Divorced,10739,No,25,8,3,6,0
E1688,43,No,Travel_Rarely,Research & Development,29,Life Sciences,1,2,Research Director,4,Married,7022,No,18,15,1,3,3
E1689,37,No,Travel_Rarely,Research & Development,26,Marketing,4,1,Research Scientist,2,Married,2000,No,24,5,4,5,3
E1690,51,No,Travel_Frequently,Research & Development,12,Human Resources,4,1,Laboratory Technician,1,Single,2558,No,13,4,3,4,4
E1691,60,No,Travel_Rarely,Human Resources,14,Other,2,1,Manager,1,Married,4409,No,17,12,3,12,5
E1692,52,No,Travel_Rarely,Sales,28,Life Sciences,2,3,Manager,4,Married,9619,No,24,16,4,0,0
E1693,58,No,Travel_Frequently,Human Resources,27,Medical,1,4,Human Resources,2,Married,14890,Yes,21,18,1,1,0
E1694,58,No,Travel_Rarely,Research & Development,19,Life Sciences,4,3,Manufacturing Director,3,Divorced,9738,Yes,15,10,2,6,3
E1695,21,Yes,Non-Travel,Research & Development,19,Life Sciences,3,1,Research Scientist,1,Single,2869,Yes,18,2,1,2,0
E1696,28,No,Travel_Rarely,Research & Development,22,Marketing,4,2,Manufacturing Director,4,Married,7479,No,12,8,2,4,0
E1697,49,No,Travel_Rarely,Research & Development,9,Medical,2,2,Manufacturing Director,3,Divorced,7302,Yes,23,8,2,0,0
E1698,43,No,Non-Travel,Sales,27,Other,2,4,Sales Representative,1,Divorced,15630,No,12,22,2,0,0
E1699,20,No,Travel_Rarely,Research & Development,9,Marketing,3,1,Laboratory Technician,1,Married,3954,No,19,0,3,0,0
E1700,22,No,Travel_Frequently,Human Resources,25,Medical,2,1,Manager,4,Married,4686,No,18,3,2,1,0
E1701,40,No,Travel_Frequently,Research & Development,24,Marketing,2,5,Laboratory Technician,1,Divorced,19134,No,20,20,1,15,7
E1702,44,Yes,Travel_Rarely,Research & Development,9,Human Resources,1,2,Laboratory Technician,2,Single,7915,No,17,2,1,2,2
E1703,25,No,Travel_Frequently,Human Resources,24,Marketing,4,2,Human Resources,1,Married,5067,Yes,12,5,3,3,0
E1704,25,Yes,Travel_Rarely,Sales,26,Life Sciences,2,2,Sales Representative,1,Single,6902,No,20,6,3,1,1
E1705,23,Yes,Travel_Frequently,Research & Development,15,Marketing,4,1,Laboratory Technician,4,Married,4119,No,24,4,4,0,0
E1706,42,No,Travel_Rarely,Research & Development,16,Technical Degree,3,4,Manufacturing Director,4,Divorced,14800,No,20,22,4,5,3
E1707,18,Yes,Travel_Frequently,Research & Development,15,Medical,3,1,Research Director,2,Married,2459,No,11,0,1,0,0
E1708,42,Yes,Travel_Rarely,Sales,2,Technical Degree,2,1,Manager,1,Divorced,3495,Yes,12,3,3,2,2
E1709,38,No,Non-Travel,Sales,16,Medical,2,2,Sales Executive,1,Married,6367,No,15,16,1,1,1
E1710,38,No,Travel_Frequently,Sales,20,Other,2,3,Sales Representative,2,Divorced,10912,Yes,15,12,1,0,0
E1711,47,No,Travel_Rarely,Human Resources,17,Other,1,3,Manager,4,Single,9219,No,12,18,4,2,1
E1712,40,Yes,Travel_Rarely,Sales,15,Human Resources,3,2,Manager,3,Married,5465,Yes,24,10,2,6,4
E1713,49,No,Travel_Rarely,Research & Development,15,Other,1,3,Research Director,2,Married,9987,No,22,18,4,1,1
E1714,50,No,Non-Travel,Research & Development,16,Life Sciences,2,3,Laboratory Technician,1,Divorced,8916,Yes,22,7,1,3,1
E1715,57,No,Travel_Frequently,Sales,27,Technical Degree,3,4,Sales Executive,1,Married,13706,Yes,25,28,3,13,6
E1716,52,Yes,Travel_Rarely,Research & Development,12,Marketing,1,1,Manufacturing Director,1,Single,3627,Yes,24,5,2,1,1
E1717,40,No,Travel_Rarely,Research & Development,7,Human Resources,1,2,Research Scientist,1,Single,6932,No,13,15,4,5,1
E1718,39,No,Travel_Rarely,Human Resources,2,Life Sciences,1,4,Manager,2,Married,13536,Yes,11,17,3,2,2
E1719,28,Yes,Travel_Rarely,Human Resources,26,Medical,4,2,Manager,4,Single,6742,No,21,5,4,5,5
E1720,43,No,Non-Travel,Research & Development,6,Medical,4,2,Manufacturing Director,2,Married,6956,No,24,13,2,0,0
E1721,23,No,Travel_Frequently,Sales,13,Technical Degree,1,2,Sales Representative,2,Divorced,7198,No,21,1,4,1,0
E1722,58,No,Travel_Rarely,Human Resources,22,Other,2,5,Manager,3,Divorced,18915,Yes,23,35,4,7,7
E1723,54,No,Travel_Rarely,Research & Development,6,Other,1,5,Manufacturing Director,1,Single,18161,No,20,26,4,0,0
E1724,23,No,Travel_Rarely,Research & Development,7,Marketing,1,1,Manufacturing Director,3,Married,4859,No,17,2,2,0,0
E1725,51,No,Travel_Rarely,Sales,19,Life Sciences,4,2,Manager,1,Married,6734,Yes,12,8,4,4,0
E1726,23,Yes,Travel_Rarely,Research & Development,19,Other,2,1,Research Scientist,2,Married,2000,Yes,21,1,3,1,0
E1727,49,Yes,Travel_Frequently,Human Resources,8,Technical Degree,4,3,Manager,4,Married,10722,Yes,15,15,1,0,0
E1728,21,Yes,Travel_Frequently,Research & Development,16,Life Sciences,3,1,Manufacturing Director,2,Single,2219,No,15,2,4,2,0
E1729,38,No,Non-Travel,Research & Development,21,Technical Degree,2,4,Manufacturing Director,3,Single,15561,Yes,24,14,1,0,0
E1730,46,No,Travel_Rarely,Research & Development,7,Other,4,3,Research Scientist,2,Married,9998,No,20,7,3,6,1
E1731,49,No,Travel_Rarely,Research & Development,13,Other,1,5,Research Director,4,Single,20641,No,17,25,1,1,0
E1732,36,No,Non-Travel,Human Resources,9,Other,2,2,Human Resources,2,Single,8110,Yes,22,7,4,1,1
E1733,57,No,Travel_Rarely,Research & Development,28,Other,2,5,Research Director,1,Married,18490,No,21,32,3,12,12
E1734,51,Yes,Travel_Frequently,Research & Development,12,Technical Degree,3,2,Research Director,1,Divorced,7533,Yes,18,10,4,10,4
E1735,26,Yes,Travel_Frequently,Research & Development,25,Technical Degree,1,2,Laboratory Technician,2,Married,5759,Yes,25,5,3,3,3
E1736,46,No,Non-Travel,Sales,26,Life Sciences,3,4,Sales Representative,3,Single,15412,No,11,24,3,9,0
E1737,49,No,Travel_Rarely,Human Resources,5,Technical Degree,4,3,Human Resources,1,Divorced,9702,Yes,18,9,4,8,7
E1738,32,Yes,Travel_Frequently,Sales,28,Other,4,1,Sales Representative,1,Married,2001,Yes,17,9,2,5,4
E1739,49,No,Travel_Rarely,Human Resources,2,Human Resources,4,5,Human Resources,2,Married,17428,No,12,29,3,5,5
E1740,56,Yes,Non-Travel,Human Resources,12,Other,3,2,Manager,3,Married,4972,No,21,8,2,0,0
E1741,53,Yes,Travel_Rarely,Sales,5,Medical,4,2,Sales Representative,3,Divorced,5138,No,12,6,1,4,4
E1742,50,Yes,Travel_Frequently,Sales,2,Medical,3,5,Sales Executive,1,Married,17992,Yes,21,21,4,0,0
E1743,45,Yes,Travel_Rarely,Research & Development,17,Other,4,3,Research Director,1,Single,10824,No,22,10,2,1,1
E1744,29,Yes,Travel_Rarely,Human Resources,18,Other,1,1,Human Resources,1,Married,3305,No,18,1,1,1,1
E1745,52,No,Travel_Rarely,Human Resources,17,Technical Degree,1,3,Manager,2,Married,10719,Yes,14,17,4,0,0
E1746,33,No,Travel_Frequently,Human Resources,13,Other,2,2,Human Resources,2,Married,7824,No,25,11,4,11,11
E1747,40,No,Travel_Rarely,Human Resources,23,Human Resources,3,2,Human Resources,1,Married,7302,Yes,21,7,3,2,2
E1748,31,No,Travel_Frequently,Research & Development,15,Medical,4,1,Research Scientist,2,Married,3020,No,12,5,2,2,2
E1749,31,No,Travel_Rarely,Research & Development,16,Technical Degree,1,3,Laboratory Technician,3,Married,10674,No,22,10,4,10,3
E1750,24,No,Travel_Rarely,Human Resources,13,Marketing,1,2,Manager,3,Married,7167,No,13,3,3,3,3
E1751,59,No,Travel_Frequently,Research & Development,7,Human Resources,4,5,Research Director,4,Married,20171,No,20,33,2,2,0
E1752,24,Yes,Travel_Frequently,Human Resources,19,Marketing,2,1,Manager,3,Divorced,4686,No,14,2,2,2,2
E1753,21,Yes,Travel_Frequently,Sales,25,Medical,1,1,Manager,4,Divorced,3625,Yes,20,2,4,0,0
E1754,58,No,Travel_Rarely,Research & Development,9,Marketing,3,5,Manufacturing Director,4,Married,19140,No,23,26,4,2,1
E1755,41,Yes,Travel_Frequently,Research & Development,14,Marketing,4,1,Laboratory Technician,4,Single,4726,Yes,22,4,3,4,0
E1756,36,No,Travel_Frequently,Sales,26,Other,4,3,Sales Executive,2,Married,9441,Yes,22,15,1,1,1
E1757,49,Yes,Travel_Rarely,Research & Development,6,Life Sciences,4,3,Research Director,1,Married,10690,Yes,21,15,1,8,3
E1758,34,No,Travel_Rarely,Research & Development,13,Other,1,1,Manufacturing Director,1,Divorced,2000,No,22,3,2,3,3
E1759,23,Yes,Travel_Rarely,Research & Development,8,Medical,1,1,Manufacturing Director,4,Married,2000,No,24,1,3,1,1
E1760,49,No,Travel_Rarely,Sales,10,Medical,4,4,Sales Executive,4,Married,14939,No,24,21,4,1,0
E1761,25,No,Travel_Frequently,Research & Development,14,Marketing,3,1,Laboratory Technician,2,Married,2000,No,22,0,4,0,0
E1762,41,Yes,Travel_Rarely,Research & Development,27,Technical Degree,1,2,Manufacturing Director,3,Divorced,8148,Yes,17,7,2,7,5
E1763,58,No,Travel_Rarely,Research & Development,1,Other,2,3,Laboratory Technician,2,Single,7589,No,15,8,1,3,1
E1764,58,No,Travel_Rarely,Sales,11,Technical Degree,4,3,Sales Representative,1,Divorced,10484,Yes,15,18,2,8,3
E1765,33,No,Travel_Rarely,Research & Development,26,Life Sciences,4,1,Research Director,3,Single,2542,No,20,6,1,1,0
E1766,51,Yes,Travel_Rarely,Research & Development,3,Marketing,4,3,Research Scientist,1,Divorced,11316,Yes,20,17,4,14,0
E1767,44,No,Travel_Frequently,Research & Development,15,Other,2,2,Research Director,1,Married,6105,No,17,8,1,6,3
E1768,38,Yes,Travel_Rarely,Sales,5,Human Resources,4,1,Manager,2,Married,2000,No,17,2,4,1,1
E1769,24,No,Non-Travel,Research & Development,17,Medical,1,2,Laboratory Technician,1,Single,4664,No,21,3,3,0,0
E1770,34,Yes,Travel_Frequently,Research & Development,21,Technical Degree,4,1,Research Director,2,Married,3627,Yes,18,6,1,6,6
E1771,46,No,Travel_Rarely,Research & Development,19,Human Resources,1,3,Research Scientist,4,Married,11423,Yes,11,18,3,0,0
E1772,60,No,Travel_Rarely,Sales,17,Medical,4,2,Sales Executive,3,Married,8199,No,13,8,3,5,5
E1773,18,Yes,Travel_Rarely,Research & Development,22,Technical Degree,1,1,Research Scientist,1,Married,2630,No,15,0,1,0,0
E1774,48,Yes,Non-Travel,Research & Development,16,Marketing,4,3,Manufacturing Director,1,Married,9299,Yes,16,9,1,6,5
E1775,54,No,Travel_Frequently,Human Resources,18,Medical,3,4,Manager,4,Married,13282,No,21,17,2,3,2
E1776,58,No,Non-Travel,Sales,3,Other,3,3,Sales Representative,4,Divorced,9758,No,18,17,1,5,1
E1777,36,No,Travel_Rarely,Human Resources,1,Medical,3,3,Manager,4,Single,9909,No,17,14,3,3,3
E1778,23,Yes,Travel_Rarely,Research & Development,5,Medical,2,1,Research Scientist,3,Married,2409,No,12,2,3,2,2
E1779,29,No,Travel_Rarely,Human Resources,16,Life Sciences,4,1,Manager,2,Divorced,3832,No,11,6,1,1,1
E1780,54,No,Travel_Rarely,Research & Development,12,Marketing,1,4,Research Scientist,4,Divorced,16239,No,25,21,1,4,1
E1781,55,No,Non-Travel,Sales,11,Technical Degree,3,2,Sales Representative,4,Married,4613,Yes,23,4,3,1,1
E1782,45,Yes,Travel_Rarely,Research & Development,13,Other,1,2,Manufacturing Director,1,Married,5811,No,11,14,2,3,1
E1783,23,Yes,Non-Travel,Research & Development,29,Human Resources,1,1,Research Director,4,Single,2225,No,17,1,2,1,1
E1784,23,No,Travel_Rarely,Human Resources,11,Other,3,1,Manager,3,Single,2000,Yes,24,2,2,2,2
E1785,38,No,Travel_Rarely,Sales,13,Other,3,1,Sales Representative,1,Divorced,2151,No,21,3,1,3,0
E1786,43,No,Travel_Rarely,Research & Development,15,Human Resources,1,3,Manufacturing Director,4,Married,10201,No,12,19,4,4,0
E1787,19,No,Travel_Rarely,Research & Development,23,Other,3,1,Laboratory Technician,1,Single,2000,No,17,0,4,0,0
E1788,47,Yes,Travel_Frequently,Sales,22,Medical,4,2,Sales Representative,1,Divorced,7155,No,23,3,3,3,0
E1789,41,No,Travel_Rarely,Sales,29,Human Resources,3,2,Manager,2,Married,8115,No,15,14,2,0,0
E1790,18,Yes,Travel_Frequently,Research & Development,19,Technical Degree,1,1,Manufacturing Director,3,Married,4693,No,19,0,1,0,0
E1791,22,No,Travel_Rarely,Human Resources,28,Marketing,1,1,Manager,2,Divorced,3801,Yes,15,1,2,1,0
E1792,37,No,Travel_Rarely,Sales,18,Technical Degree,1,2,Sales Representative,1,Divorced,5701,No,13,14,4,3,2
E1793,49,No,Travel_Frequently,Research & Development,16,Human Resources,3,5,Research Scientist,3,Single,17309,No,23,19,1,16,13
E1794,53,Yes,Travel_Frequently,Research & Development,17,Marketing,1,5,Research Scientist,2,Married,18302,Yes,14,31,4,5,2
E1795,36,No,Non-Travel,Research & Development,14,Other,2,3,Laboratory Technician,1,Married,11257,Yes,19,16,2,1,0
E1796,30,No,Travel_Rarely,Research & Development,6,Life Sciences,1,1,Laboratory Technician,4,Divorced,4858,No,16,1,2,1,1
E1797,59,No,Non-Travel,Research & Development,11,Medical,2,5,Manufacturing Director,2,Divorced,18347,No,20,19,4,3,1
E1798,37,No,Non-Travel,Research & Development,18,Marketing,1,2,Research Director,3,Married,5990,No,22,10,4,1,0
E1799,31,Yes,Non-Travel,Research & Development,18,Human Resources,2,1,Manufacturing Director,2,Single,3315,No,19,2,4,2,1
E1800,37,Yes,Non-Travel,Research & Development,5,Technical Degree,3,1,Research Director,4,Divorced,2751,No,13,7,2,1,1
E1801,18,No,Non-Travel,Research & Development,24,Other,4,1,Manufacturing Director,2,Married,4879,No,15,0,3,0,0
E1802,30,Yes,Travel_Rarely,Research & Development,21,Other,2,1,Research Director,1,Married,2264,Yes,14,1,2,1,1
E1803,40,No,Travel_Frequently,Research & Development,16,Marketing,2,1,Research Director,1,Married,3142,Yes,21,10,1,3,1
E1804,57,No,Non-Travel,Research & Development,14,Human Resources,4,5,Research Scientist,4,Married,18993,No,21,31,2,7,0
E1805,49,No,Travel_Rarely,Sales,17,Medical,4,2,Sales Representative,3,Married,5328,No,13,11,1,2,0
E1806,51,No,Non-Travel,Sales,17,Life Sciences,2,4,Sales Representative,3,Divorced,14230,No,20,16,1,14,11
E1807,41,No,Travel_Frequently,Research & Development,13,Marketing,2,5,Research Director,3,Divorced,20089,No,17,21,3,7,4
E1808,22,Yes,Travel_Rarely,Human Resources,26,Medical,3,1,Manager,1,Single,2021,No,17,2,3,2,1
E1809,34,No,Non-Travel,Sales,5,Human Resources,4,1,Sales Executive,2,Divorced,3614,No,23,3,2,0,0
E1810,60,No,Travel_Rarely,Research & Development,11,Technical Degree,3,2,Research Scientist,4,Married,6113,No,11,6,3,0,0
E1811,19,Yes,Travel_Frequently,Research & Development,12,Life Sciences,3,2,Research Scientist,2,Divorced,5047,Yes,21,0,4,0,0
E1812,55,Yes,Non-Travel,Human Resources,3,Marketing,1,2,Human Resources,1,Divorced,4973,No,19,12,4,5,4
E1813,47,No,Travel_Rarely,Sales,3,Marketing,2,3,Sales Executive,4,Married,8807,No,14,15,3,2,0
E1814,30,No,Travel_Rarely,Research & Development,26,Life Sciences,1,2,Research Director,1,Married,4746,No,14,2,1,1,1
E1815,51,No,Travel_Frequently,Research & Development,23,Technical Degree,2,2,Laboratory Technician,3,Married,6369,No,13,15,3,0,0
E1816,53,No,Travel_Rarely,Research & Development,11,Other,4,5,Manufacturing Director,4,Divorced,20326,No,20,31,1,13,6
E1817,19,Yes,Non-Travel,Research & Development,8,Other,1,1,Research Director,3,Married,3969,Yes,20,0,1,0,0
E1818,22,No,Travel_Frequently,Research & Development,12,Other,3,1,Manufacturing Director,1,Married,4886,No,15,3,2,3,2
E1819,46,Yes,Travel_Rarely,Research & Development,21,Other,2,2,Laboratory Technician,4,Divorced,6265,Yes,16,8,2,4,0
E1820,60,No,Travel_Rarely,Research & Development,9,Other,1,4,Laboratory Technician,1,Divorced,15607,No,25,22,1,0,0
E1821,19,Yes,Travel_Rarely,Research & Development,2,Life Sciences,1,1,Research Director,4,Single,3779,No,21,0,1,0,0
E1822,46,No,Travel_Rarely,Research & Development,13,Marketing,3,3,Manufacturing Director,1,Married,8530,Yes,19,13,4,1,0
E1823,23,No,Travel_Frequently,Human Resources,18,Technical Degree,4,1,Manager,2,Married,2553,No,12,1,3,1,0
E1824,45,No,Non-Travel,Human Resources,16,Other,2,4,Human Resources,4,Married,14984,Yes,19,22,3,5,3
E1825,44,No,Travel_Rarely,Research & Development,5,Marketing,4,3,Research Scientist,2,Married,10478,No,16,11,1,3,1
E1826,21,Yes,Travel_Rarely,Sales,25,Human Resources,1,1,Sales Executive,1,Divorced,3106,No,23,1,4,1,0
E1827,47,Yes,Travel_Frequently,Human Resources,19,Human Resources,3,5,Manager,1,Married,18087,No,13,26,2,6,6
E1828,56,No,Travel_Frequently,Sales,21,Technical Degree,1,1,Sales Representative,2,Married,5287,No,25,9,3,9,1
E1829,55,No,Travel_Rarely,Research & Development,28,Medical,4,3,Laboratory Technician,2,Divorced,8175,Yes,25,13,2,2,0
E1830,19,Yes,Travel_Frequently,Research & Development,15,Life Sciences,4,1,Laboratory Technician,1,Single,4796,No,22,0,1,0,0
E1831,28,No,Travel_Rarely,Research & Development,17,Marketing,1,2,Manufacturing Director,2,Married,7442,No,18,4,2,0,0
E1832,28,No,Travel_Rarely,Research & Development,23,Medical,2,1,Research Director,2,Married,4466,No,19,2,1,1,1
E1833,37,No,Travel_Rarely,Human Resources,23,Technical Degree,3,3,Manager,3,Divorced,10512,No,24,12,4,1,1
E1834,24,Yes,Travel_Frequently,Sales,25,Medical,3,2,Sales Representative,2,Married,5219,No,23,1,2,1,1
E1835,54,No,Travel_Frequently,Research & Development,21,Other,2,5,Manufacturing Director,2,Married,19424,No,23,24,4,0,0
E1836,51,No,Travel_Frequently,Research & Development,2,Other,1,3,Research Scientist,4,Divorced,10299,No,13,10,4,6,2
E1837,52,No,Travel_Rarely,Human Resources,11,Other,3,3,Manager,4,Single,10380,No,17,13,1,4,4
E1838,26,No,Travel_Rarely,Research & Development,18,Technical Degree,1,2,Research Scientist,4,Married,5520,Yes,22,3,2,3,0
E1839,18,Yes,Travel_Frequently,Sales,13,Life Sciences,2,1,Sales Representative,2,Divorced,2084,Yes,12,0,1,0,0
E1840,57,No,Travel_Frequently,Research & Development,2,Other,1,5,Manufacturing Director,4,Divorced,18158,No,21,19,1,9,8
E1841,30,No,Travel_Rarely,Research & Development,8,Life Sciences,3,1,Research Director,2,Single,3289,No,16,4,4,3,2
E1842,46,No,Non-Travel,Research & Development,9,Technical Degree,2,4,Research Scientist,3,Divorced,15178,Yes,19,23,3,1,0
E1843,57,No,Travel_Rarely,Research & Development,2,Human Resources,2,5,Manufacturing Director,4,Single,20059,Yes,24,22,2,0,0
E1844,19,Yes,Non-Travel,Sales,23,Life Sciences,4,1,Sales Executive,2,Married,4142,No,24,0,1,0,0
E1845,18,No,Travel_Frequently,Research & Development,11,Marketing,2,1,Research Scientist,3,Divorced,3817,No,16,0,3,0,0
E1846,18,No,Travel_Rarely,Research & Development,23,Marketing,4,2,Laboratory Technician,1,Married,5372,No,21,0,3,0,0
E1847,24,Yes,Travel_Rarely,Research & Development,26,Medical,4,1,Manufacturing Director,2,Married,3126,No,11,0,1,0,0
E1848,20,Yes,Travel_Rarely,Research & Development,26,Life Sciences,1,1,Laboratory Technician,3,Married,2664,Yes,21,1,1,1,1
E1849,53,No,Non-Travel,Research & Development,27,Other,3,1,Research Director,3,Divorced,2552,No,13,7,2,0,0
E1850,44,No,Travel_Frequently,Human Resources,15,Other,1,1,Manager,2,Single,2000,No,24,7,3,1,0
E1851,60,Yes,Travel_Rarely,Human Resources,8,Life Sciences,3,5,Human Resources,3,Married,18638,Yes,15,30,4,3,2
E1852,52,No,Non-Travel,Human Resources,3,Medical,1,3,Human Resources,3,Married,8426,No,21,7,2,7,1
E1853,59,No,Travel_Rarely,Research & Development,19,Marketing,2,5,Laboratory Technician,4,Divorced,19532,No,20,32,1,7,1
E1854,28,No,Non-Travel,Research & Development,4,Medical,4,2,Research Scientist,1,Married,4988,No,14,8,4,5,0
E1855,30,No,Non-Travel,Research & Development,7,Life Sciences,1,2,Manufacturing Director,3,Married,5677,No,23,7,2,4,4
E1856,54,Yes,Travel_Rarely,Research & Development,8,Technical Degree,3,4,Research Director,3,Divorced,13407,No,13,25,3,0,0
E1857,28,No,Travel_Rarely,Sales,8,Marketing,4,2,Sales Representative,2,Divorced,6975,No,24,7,1,0,0
E1858,20,Yes,Non-Travel,Human Resources,11,Human Resources,4,1,Human Resources,2,Married,3479,Yes,18,1,1,0,0
E1859,46,Yes,Non-Travel,Research & Development,10,Medical,1,1,Research Director,3,Married,3031,No,17,10,1,0,0
E1860,52,No,Travel_Rarely,Research & Development,16,Technical Degree,2,3,Manufacturing Director,2,Single,8086,Yes,14,8,4,0,0
E1861,59,No,Travel_Rarely,Research & Development,28,Medical,3,5,Laboratory Technician,2,Single,20483,No,11,22,1,3,1
E1862,57,No,Travel_Rarely,Research & Development,19,Life Sciences,3,4,Research Scientist,4,Married,15135,No,21,21,4,9,9
E1863,23,No,Travel_Rarely,Sales,20,Human Resources,1,1,Manager,2,Married,3867,No,21,1,4,0,0
E1864,51,No,Travel_Frequently,Research & Development,5,Human Resources,3,4,Manufacturing Director,1,Divorced,14910,Yes,23,20,3,1,1
E1865,54,No,Travel_Frequently,Sales,4,Technical Degree,1,1,Sales Representative,1,Married,4433,No,25,4,4,0,0
E1866,48,No,Travel_Rarely,Research & Development,6,Life Sciences,3,4,Laboratory Technician,1,Married,16427,No,15,26,4,2,2
E1867,53,No,Travel_Frequently,Sales,25,Human Resources,3,2,Sales Executive,3,Divorced,6229,No,19,11,3,4,4
E1868,54,No,Travel_Frequently,Human Resources,6,Technical Degree,2,1,Human Resources,1,Married,4025,No,24,4,4,0,0
E1869,37,Yes,Travel_Rarely,Research & Development,29,Marketing,1,1,Research Director,1,Single,2375,Yes,19,3,3,0,0
E1870,19,Yes,Travel_Rarely,Human Resources,22,Technical Degree,1,1,Human Resources,2,Divorced,3731,No,22,0,1,0,0
E1871,37,No,Non-Travel,Research & Development,25,Life Sciences,3,1,Manufacturing Director,1,Married,3087,No,21,6,1,4,0
E1872,26,Yes,Non-Travel,Human Resources,9,Medical,2,2,Manager,3,Single,4514,No,25,1,2,0,0
E1873,22,Yes,Non-Travel,Research & Development,5,Life Sciences,4,1,Research Scientist,1,Married,4834,Yes,16,1,2,1,0
E1874,23,No,Non-Travel,Sales,5,Marketing,4,2,Sales Executive,4,Married,7530,No,13,1,2,1,0
E1875,47,No,Travel_Rarely,Human Resources,25,Other,2,2,Human Resources,4,Single,5948,No,24,12,1,0,0
E1876,39,No,Travel_Rarely,Sales,13,Life Sciences,2,2,Manager,4,Married,8262,No,17,8,3,4,2
E1877,41,No,Travel_Rarely,Research & Development,12,Marketing,4,3,Manufacturing Director,1,Divorced,8680,Yes,13,8,2,8,7
E1878,50,Yes,Travel_Frequently,Human Resources,8,Medical,3,2,Manager,3,Married,6536,No,20,12,4,8,3
E1879,41,Yes,Non-Travel,Research & Development,11,Other,1,1,Research Director,1,Divorced,4589,Yes,23,4,4,4,1
E1880,45,No,Travel_Frequently,Sales,11,Technical Degree,4,1,Sales Representative,3,Divorced,2636,No,22,3,3,3,2
E1881,21,No,Travel_Frequently,Sales,22,Medical,1,1,Sales Executive,4,Married,3027,No,16,0,4,0,0
E1882,54,No,Travel_Rarely,Research & Development,24,Medical,3,5,Laboratory Technician,2,Single,19620,Yes,24,26,2,0,0
E1883,37,Yes,Travel_Frequently,Research & Development,14,Technical Degree,1,3,Manufacturing Director,2,Single,8387,No,11,17,4,4,1
E1884,24,No,Non-Travel,Research & Development,10,Life Sciences,2,1,Laboratory Technician,4,Divorced,3128,No,24,5,4,0,0
E1885,52,No,Non-Travel,Human Resources,14,Life Sciences,3,4,Human Resources,1,Married,14013,No,13,17,1,7,7
E1886,49,No,Travel_Frequently,Sales,6,Human Resources,1,2,Manager,3,Married,7499,No,14,17,3,1,0
E1887,20,Yes,Travel_Rarely,Sales,2,Human Resources,2,1,Sales Executive,2,Married,2000,No,15,0,2,0,0
E1888,26,No,Travel_Rarely,Research & Development,7,Human Resources,4,2,Manufacturing Director,1,Divorced,5505,No,17,6,2,1,0
E1889,18,Yes,Travel_Frequently,Sales,1,Medical,4,1,Manager,3,Married,3940,No,11,0,2,0,0
E1890,29,No,Non-Travel,Research & Development,1,Other,4,1,Manufacturing Director,4,Divorced,2317,No,21,8,4,8,7
E1891,22,No,Non-Travel,Research & Development,7,Medical,4,1,Manufacturing Director,3,Married,3047,No,12,3,4,1,0
E1892,48,No,Travel_Rarely,Research & Development,27,Other,4,2,Research Scientist,3,Divorced,7505,No,12,14,2,1,0
E1893,40,No,Travel_Frequently,Research & Development,6,Medical,1,3,Manufacturing Director,3,Married,10569,No,11,16,2,0,0
E1894,60,No,Travel_Rarely,Sales,21,Marketing,1,5,Manager,1,Single,17862,Yes,25,32,3,15,0
E1895,50,No,Travel_Frequently,Research & Development,5,Other,2,2,Research Director,1,Single,7872,No,11,11,3,3,1
E1896,44,No,Travel_Rarely,Research & Development,14,Marketing,4,5,Research Scientist,3,Married,19704,Yes,22,23,2,10,5
E1897,39,No,Non-Travel,Research & Development,18,Human Resources,4,2,Research Scientist,3,Single,5758,No,20,3,2,3,1
E1898,20,No,Non-Travel,Research & Development,17,Technical Degree,2,1,Research Scientist,1,Divorced,4163,No,23,1,4,1,1
E1899,21,Yes,Travel_Rarely,Sales,24,Life Sciences,1,1,Manager,1,Single,4079,Yes,17,2,2,2,1
E1900,44,No,Non-Travel,Research & Development,8,Human Resources,3,1,Laboratory Technician,1,Married,3713,No,24,4,2,0,0
E1901,18,Yes,Non-Travel,Research & Development,22,Marketing,2,1,Manufacturing Director,3,Married,3405,Yes,18,0,2,0,0
E1902,19,Yes,Travel_Rarely,Research & Development,12,Marketing,1,1,Laboratory Technician,2,Married,4021,No,13,0,2,0,0
E1903,27,No,Travel_Rarely,Sales,13,Medical,1,1,Manager,3,Married,5187,No,24,6,3,0,0
E1904,56,No,Travel_Rarely,Human Resources,10,Other,1,5,Manager,3,Divorced,19435,No,17,29,3,0,0
E1905,37,No,Non-Travel,Sales,29,Technical Degree,2,2,Sales Executive,1,Divorced,7721,No,11,11,1,0,0
E1906,48,No,Travel_Rarely,Research & Development,24,Technical Degree,3,5,Research Director,2,Divorced,19815,Yes,20,24,4,0,0
E1907,35,Yes,Non-Travel,Research & Development,14,Technical Degree,1,2,Laboratory Technician,1,Married,7565,No,15,3,2,3,2
E1908,25,Yes,Travel_Frequently,Research & Development,22,Medical,2,1,Research Scientist,1,Married,4871,No,23,2,1,2,1
E1909,33,Yes,Non-Travel,Research & Development,27,Technical Degree,4,2,Research Scientist,4,Single,5366,Yes,13,6,3,0,0
E1910,21,No,Travel_Rarely,Research & Development,9,Human Resources,4,1,Laboratory Technician,2,Divorced,2029,No,22,0,1,0,0
E1911,51,No,Non-Travel,Human Resources,10,Life Sciences,4,3,Manager,4,Single,9902,Yes,23,15,4,0,0
E1912,25,No,Travel_Rarely,Human Resources,23,Life Sciences,2,2,Manager,1,Single,6103,No,12,2,4,2,1
E1913,34,Yes,Travel_Rarely,Human Resources,9,Life Sciences,1,1,Manager,2,Divorced,3688,Yes,19,6,3,6,5
E1914,60,No,Travel_Rarely,Sales,3,Other,4,3,Sales Representative,3,Divorced,10803,No,20,19,4,0,0
E1915,43,Yes,Non-Travel,Human Resources,18,Technical Degree,2,4,Human Resources,2,Single,16351,Yes,24,21,2,0,0
E1916,37,Yes,Travel_Rarely,Research & Development,6,Marketing,2,1,Research Scientist,2,Divorced,3151,Yes,15,6,2,3,0
E1917,41,No,Travel_Rarely,Research & Development,18,Medical,2,4,Research Director,1,Single,15523,No,18,19,3,4,0
E1918,51,No,Travel_Frequently,Research & Development,4,Human Resources,1,3,Laboratory Technician,1,Single,8539,No,17,15,2,0,0
E1919,28,No,Travel_Frequently,Research & Development,14,Technical Degree,3,2,Research Director,4,Divorced,6441,Yes,16,3,4,2,0
E1920,45,Yes,Travel_Frequently,Sales,7,Technical Degree,1,2,Sales Representative,1,Single,5086,No,25,14,2,0,0
E1921,55,No,Travel_Rarely,Research & Development,16,Human Resources,1,2,Research Director,1,Single,6853,No,20,16,2,10,1
E1922,42,No,Travel_Rarely,Human Resources,7,Life Sciences,4,1,Manager,2,Divorced,3639,No,13,7,3,0,0
E1923,37,Yes,Non-Travel,Human Resources,8,Human Resources,3,1,Manager,2,Married,4424,Yes,23,10,1,7,5
E1924,24,No,Travel_Rarely,Research & Development,27,Human Resources,4,1,Manufacturing Director,2,Married,3763,No,12,1,3,1,1
E1925,28,Yes,Non-Travel,Sales,29,Medical,3,1,Sales Executive,4,Divorced,2824,No,24,3,4,3,3
E1926,58,Yes,Travel_Rarely,Research & Development,10,Medical,1,4,Research Scientist,4,Single,13190,No,17,23,4,1,0
E1927,41,No,Travel_Frequently,Research & Development,19,Technical Degree,2,1,Manufacturing Director,2,Divorced,2254,No,21,10,1,8,1
E1928,30,Yes,Travel_Frequently,Research & Development,11,Marketing,2,1,Manufacturing Director,1,Married,5216,No,23,9,1,9,0
E1929,35,Yes,Non-Travel,Research & Development,5,Other,2,1,Manufacturing Director,1,Married,4878,No,24,5,1,4,2
E1930,42,No,Travel_Rarely,Research & Development,3,Life Sciences,2,5,Laboratory Technician,1,Married,18268,No,13,22,4,1,0
E1931,41,Yes,Travel_Frequently,Human Resources,26,Medical,2,4,Manager,1,Married,13836,No,17,17,2,10,8
E1932,48,No,Travel_Rarely,Sales,2,Human Resources,3,4,Manager,1,Married,14857,No,12,27,1,10,0
E1933,29,No,Non-Travel,Human Resources,15,Human Resources,4,2,Human Resources,2,Married,7185,No,20,8,3,8,8
E1934,45,No,Travel_Frequently,Human Resources,7,Other,3,2,Human Resources,3,Divorced,5899,No,17,5,4,5,3
E1935,37,No,Non-Travel,Human Resources,23,Life Sciences,4,3,Manager,4,Single,7886,No,25,10,1,8,6
E1936,58,No,Travel_Rarely,Human Resources,4,Life Sciences,4,2,Human Resources,2,Married,6220,No,20,9,1,7,1
E1937,24,Yes,Travel_Rarely,Research & Development,17,Other,3,1,Laboratory Technician,2,Divorced,2522,Yes,17,4,1,0,0
E1938,24,Yes,Travel_Frequently,Human Resources,10,Human Resources,2,1,Human Resources,3,Married,2707,Yes,13,3,1,3,1
E1939,37,No,Travel_Rarely,Sales,16,Human Resources,3,2,Manager,3,Divorced,5260,Yes,15,6,1,2,1
E1940,39,Yes,Travel_Rarely,Research & Development,6,Other,1,4,Laboratory Technician,3,Single,15276,Yes,23,18,1,0,0
E1941,47,No,Travel_Rarely,Research & Development,4,Medical,4,1,Research Director,1,Married,3493,No,13,5,3,5,1
E1942,35,Yes,Travel_Rarely,Human Resources,6,Life Sciences,1,1,Human Resources,1,Married,2758,Yes,23,9,1,2,0
E1943,57,No,Travel_Rarely,Human Resources,17,Medical,1,5,Human Resources,3,Married,19269,Yes,20,27,3,1,1
E1944,38,Yes,Travel_Frequently,Research & Development,19,Other,4,2,Manufacturing Director,2,Married,6294,No,18,3,2,3,1
E1945,23,Yes,Non-Travel,Research & Development,27,Technical Degree,1,1,Research Scientist,2,Married,4356,Yes,18,3,3,3,0
E1946,23,Yes,Travel_Rarely,Research & Development,28,Life Sciences,3,1,Research Director,4,Divorced,4916,Yes,11,3,3,0,0
E1947,59,Yes,Travel_Rarely,Research & Development,22,Human Resources,3,1,Manufacturing Director,1,Single,2147,Yes,14,6,3,5,1
E1948,23,Yes,Travel_Rarely,Sales,1,Other,1,1,Manager,2,Divorced,4624,Yes,18,2,4,1,0
E1949,58,Yes,Travel_Frequently,Research & Development,21,Life Sciences,2,3,Laboratory Technician,3,Single,10197,No,18,12,1,0,0
E1950,29,No,Non-Travel,Research & Development,21,Technical Degree,4,2,Laboratory Technician,3,Married,7154,No,14,7,3,0,0
E1951,22,No,Travel_Frequently,Human Resources,21,Human Resources,3,2,Manager,1,Married,5760,No,23,0,2,0,0
E1952,31,No,Travel_Rarely,Human Resources,20,Other,3,2,Human Resources,3,Divorced,6094,No,17,11,3,11,1
E1953,44,No,Travel_Frequently,Human Resources,20,Technical Degree,3,4,Human Resources,2,Divorced,13150,No,16,22,1,12,0
E1954,36,Yes,Non-Travel,Human Resources,17,Marketing,2,1,Human Resources,2,Single,5048,No,22,4,2,1,1
E1955,51,No,Non-Travel,Research & Development,18,Other,3,2,Laboratory Technician,3,Married,7053,No,13,12,4,4,1
E1956,44,No,Travel_Rarely,Human Resources,21,Marketing,1,3,Human Resources,4,Married,9258,No,11,15,4,15,5
E1957,35,No,Travel_Rarely,Human Resources,2,Technical Degree,1,2,Manager,1,Divorced,6833,No,15,12,2,1,0
E1958,45,No,Non-Travel,Human Resources,15,Other,4,2,Human Resources,1,Divorced,5072,No,11,12,1,2,2
E1959,59,Yes,Travel_Frequently,Research & Development,4,Technical Degree,1,1,Research Director,4,Single,2418,No,16,9,3,5,0
E1960,35,Yes,Non-Travel,Research & Development,27,Human Resources,3,1,Research Director,1,Married,3752,Yes,13,3,2,3,3
E1961,24,No,Non-Travel,Human Resources,29,Other,1,2,Human Resources,1,Divorced,6450,No,20,5,2,2,0
E1962,35,No,Travel_Rarely,Research & Development,5,Technical Degree,2,1,Research Director,3,Divorced,4525,Yes,11,8,1,2,2
E1963,54,No,Travel_Frequently,Sales,26,Marketing,4,5,Sales Executive,2,Married,19756,No,14,30,2,3,1
E1964,27,Yes,Travel_Frequently,Human Resources,14,Technical Degree,2,2,Human Resources,4,Single,6715,No,14,4,1,1,1
E1965,58,No,Travel_Rarely,Human Resources,20,Marketing,4,5,Human Resources,4,Married,20503,No,19,35,1,11,4
E1966,43,No,Travel_Frequently,Sales,19,Human Resources,2,1,Manager,1,Divorced,2000,Yes,17,4,3,4,4
E1967,43,No,Travel_Rarely,Human Resources,4,Life Sciences,3,1,Manager,1,Married,4028,No,22,4,4,3,1
E1968,31,No,Travel_Rarely,Human Resources,27,Life Sciences,3,3,Manager,3,Single,10195,No,22,11,1,0,0
E1969,57,No,Travel_Rarely,Human Resources,19,Marketing,3,5,Manager,2,Married,18613,No,16,35,1,5,4
E1970,19,No,Travel_Rarely,Research & Development,15,Life Sciences,2,1,Laboratory Technician,1,Single,2135,No,11,0,1,0,0
E1971,30,Yes,Travel_Frequently,Research & Development,18,Human Resources,4,1,Research Director,2,Married,2358,No,25,4,3,4,1
E1972,35,No,Non-Travel,Research & Development,29,Medical,2,2,Manufacturing Director,3,Married,5463,No,16,8,4,6,1
E1973,38,Yes,Non-Travel,Research & Development,19,Marketing,4,1,Research Scientist,4,Married,3643,No,19,9,2,8,8
E1974,38,No,Travel_Frequently,Research & Development,20,Medical,2,2,Research Scientist,2,Divorced,5125,No,24,5,1,3,3
E1975,24,Yes,Travel_Rarely,Research & Development,26,Other,4,1,Laboratory Technician,4,Married,3958,Yes,20,5,1,5,0
E1976,27,Yes,Non-Travel,Sales,21,Other,4,1,Sales Executive,2,Married,2000,Yes,19,2,3,2,0
E1977,22,No,Non-Travel,Research & Development,5,Life Sciences,4,2,Laboratory Technician,3,Married,4624,Yes,16,2,2,1,0
E1978,42,No,Non-Travel,Human Resources,24,Marketing,2,1,Manager,4,Married,2688,No,23,3,2,3,0
E1979,33,No,Non-Travel,Sales,27,Other,2,1,Sales Executive,4,Divorced,2162,No,13,1,1,1,0
E1980,42,No,Non-Travel,Human Resources,22,Marketing,2,3,Manager,3,Single,11310,No,18,15,4,1,1
E1981,43,No,Non-Travel,Research & Development,5,Other,2,2,Research Director,4,Married,5870,No,16,9,2,9,0
E1982,48,No,Travel_Frequently,Research & Development,16,Life Sciences,2,5,Laboratory Technician,1,Single,17787,No,12,19,3,5,5
E1983,41,No,Travel_Frequently,Human Resources,2,Marketing,2,1,Manager,4,Single,2299,Yes,15,4,3,4,4
E1984,45,Yes,Travel_Frequently,Research & Development,23,Other,3,4,Laboratory Technician,4,Single,14518,Yes,13,24,1,6,1
E1985,43,No,Travel_Rarely,Sales,28,Medical,4,4,Sales Executive,4,Married,15090,No,12,18,1,5,2
E1986,46,No,Non-Travel,Research & Development,2,Life Sciences,4,5,Research Director,2,Divorced,19907,No,22,23,4,4,2
E1987,44,No,Travel_Frequently,Human Resources,4,Human Resources,3,2,Manager,2,Divorced,5926,No,21,5,4,5,1
E1988,31,No,Travel_Frequently,Research & Development,28,Life Sciences,4,1,Laboratory Technician,3,Single,3801,Yes,23,4,2,0,0
E1989,28,Yes,Travel_Frequently,Human Resources,24,Medical,4,1,Manager,1,Married,3297,No,11,4,1,4,2
E1990,51,No,Travel_Rarely,Research & Development,24,Human Resources,2,4,Research Director,3,Married,15933,No,18,18,2,0,0
E1991,32,No,Non-Travel,Research & Development,7,Other,2,1,Research Director,2,Married,3602,No,20,4,4,1,1
E1992,41,Yes,Travel_Frequently,Sales,19,Life Sciences,2,1,Manager,4,Married,2585,Yes,18,3,3,3,1
E1993,26,No,Non-Travel,Research & Development,25,Marketing,1,2,Laboratory Technician,3,Married,7033,No,11,3,1,0,0
E1994,36,No,Travel_Rarely,Research & Development,2,Human Resources,2,1,Laboratory Technician,2,Married,4520,No,17,5,3,5,5
E1995,40,Yes,Travel_Rarely,Human Resources,9,Marketing,2,1,Human Resources,1,Single,3439,No,12,9,1,2,0
E1996,44,Yes,Non-Travel,Research & Development,9,Marketing,4,1,Manufacturing Director,3,Married,5145,No,11,6,2,6,0
E1997,40,No,Travel_Frequently,Research & Development,16,Technical Degree,2,2,Research Director,3,Married,7807,No,21,7,2,1,0
E1998,33,Yes,Travel_Frequently,Sales,8,Human Resources,3,2,Sales Representative,3,Single,5499,No,12,9,2,9,3
E1999,59,No,Travel_Rarely,Research & Development,10,Life Sciences,2,4,Manufacturing Director,1,Single,15684,No,15,17,3,15,6
E2000,40,Yes,Travel_Frequently,Human Resources,8,Life Sciences,2,1,Manager,2,Married,3873,No,25,8,1,2,2
E2001,52,Yes,Travel_Frequently,Research & Development,2,Life Sciences,1,3,Research Scientist,4,Single,9842,Yes,25,18,4,2,1
E2002,49,No,Travel_Rarely,Research & Development,20,Marketing,3,4,Laboratory Technician,4,Married,14969,Yes,11,23,3,11,6
E2003,42,Yes,Travel_Frequently,Research & Development,19,Medical,1,2,Manufacturing Director,2,Single,7837,No,17,10,2,10,0
E2004,56,No,Travel_Frequently,Research & Development,26,Marketing,1,4,Research Scientist,2,Single,15268,Yes,16,22,4,1,0
E2005,23,No,Travel_Rarely,Sales,17,Medical,3,2,Manager,3,Divorced,6492,Yes,20,4,2,4,4
E2006,57,No,Travel_Rarely,Sales,20,Technical Degree,3,4,Sales Executive,1,Married,13261,No,21,21,2,3,3
E2007,54,No,Non-Travel,Human Resources,11,Medical,2,5,Manager,4,Married,19059,No,12,31,1,4,3
E2008,39,Yes,Travel_Frequently,Human Resources,12,Other,2,4,Manager,3,Single,16068,Yes,17,16,4,5,1
E2009,49,No,Travel_Rarely,Research & Development,12,Medical,4,1,Research Director,4,Single,4101,No,15,4,4,4,2
E2010,40,No,Travel_Frequently,Human Resources,29,Medical,2,3,Manager,1,Divorced,7828,No,25,10,1,10,9
E2011,29,No,Travel_Rarely,Research & Development,14,Other,2,2,Manufacturing Director,1,Divorced,7824,No,15,7,4,6,6
E2012,52,No,Travel_Rarely,Research & Development,26,Technical Degree,1,5,Research Director,4,Divorced,20383,No,11,31,4,9,7
E2013,28,No,Travel_Frequently,Research & Development,10,Life Sciences,2,2,Laboratory Technician,2,Divorced,6523,No,20,4,2,4,2
E2014,31,No,Travel_Rarely,Sales,20,Life Sciences,1,1,Sales Representative,2,Single,2000,Yes,24,2,4,1,0
E2015,40,No,Travel_Rarely,Research & Development,8,Life Sciences,2,2,Research Director,2,Divorced,6899,No,23,12,3,7,0
E2016,54,Yes,Travel_Frequently,Human Resources,12,Human Resources,1,1,Human Resources,2,Married,2000,Yes,13,7,3,4,0
E2017,34,No,Non-Travel,Research & Development,25,Technical Degree,1,3,Laboratory Technician,4,Married,8811,No,22,11,1,6,2
E2018,39,Yes,Travel_Rarely,Research & Development,20,Other,3,2,Research Scientist,3,Married,7091,Yes,14,11,1,11,0
E2019,19,Yes,Non-Travel,Sales,15,Medical,2,1,Sales Representative,1,Married,4645,Yes,13,0,3,0,0
E2020,22,Yes,Non-Travel,Research & Development,12,Life Sciences,3,1,Research Director,4,Divorced,2822,Yes,18,3,2,1,1
E2021,20,No,Travel_Frequently,Research & Development,24,Marketing,3,1,Research Scientist,2,Divorced,4500,No,23,1,4,1,1
E2022,21,Yes,Non-Travel,Human Resources,5,Life Sciences,3,1,Manager,3,Married,4704,Yes,24,1,1,1,1
E2023,55,Yes,Travel_Rarely,Research & Development,25,Life Sciences,2,4,Laboratory Technician,2,Married,13404,Yes,20,27,4,2,0
E2024,54,No,Non-Travel,Research & Development,18,Human Resources,2,5,Research Director,1,Married,18248,Yes,17,29,3,1,1
E2025,53,No,Travel_Rarely,Sales,10,Marketing,2,4,Sales Executive,2,Married,15895,No,19,29,4,5,5
E2026,20,Yes,Travel_Rarely,Sales,21,Other,4,1,Sales Executive,2,Single,4099,No,15,0,4,0,0
E2027,21,Yes,Travel_Frequently,Research & Development,29,Technical Degree,2,1,Research Scientist,1,Married,2863,No,13,1,4,1,1
E2028,30,Yes,Travel_Rarely,Human Resources,11,Technical Degree,4,1,Human Resources,4,Single,3869,No,17,3,2,3,1
E2029,42,No,Non-Travel,Research & Development,12,Other,4,3,Laboratory Technician,4,Married,10153,No,13,19,3,10,6
E2030,32,Yes,Non-Travel,Research & Development,27,Marketing,3,2,Research Director,4,Married,7399,No,12,9,1,0,0
E2031,38,No,Travel_Rarely,Research & Development,10,Medical,4,2,Laboratory Technician,1,Divorced,7325,Yes,22,9,2,9,6
E2032,25,No,Non-Travel,Sales,25,Human Resources,3,2,Sales Executive,3,Married,4791,No,23,1,2,1,1
E2033,49,No,Travel_Rarely,Research & Development,27,Human Resources,4,3,Manufacturing Director,3,Divorced,8284,No,22,12,2,0,0
E2034,31,No,Travel_Rarely,Research & Development,17,Medical,4,2,Research Scientist,3,Divorced,5275,Yes,24,9,3,9,7
E2035,20,Yes,Non-Travel,Sales,3,Human Resources,3,2,Sales Representative,4,Single,7714,No,18,0,1,0,0
E2036,49,Yes,Travel_Frequently,Human Resources,2,Other,3,2,Manager,2,Divorced,7847,Yes,21,5,3,0,0
E2037,56,No,Non-Travel,Research & Development,9,Medical,4,5,Laboratory Technician,2,Married,20321,No,14,32,2,3,0
E2038,18,Yes,Travel_Rarely,Human Resources,1,Other,1,1,Manager,2,Married,2000,No,17,0,1,0,0
E2039,36,Yes,Travel_Frequently,Research & Development,23,Life Sciences,4,1,Laboratory Technician,3,Single,3620,No,12,4,3,2,2
E2040,53,No,Travel_Rarely,Human Resources,19,Other,3,3,Manager,2,Married,8385,No,20,12,4,2,2
E2041,48,No,Travel_Frequently,Research & Development,14,Other,1,5,Laboratory Technician,2,Married,18619,No,17,27,3,7,7
E2042,54,No,Non-Travel,Research & Development,24,Other,1,4,Research Director,1,Divorced,14185,No,19,25,1,5,1
E2043,35,No,Travel_Frequently,Sales,4,Marketing,4,2,Sales Representative,3,Divorced,7751,Yes,23,10,3,10,8
E2044,34,No,Non-Travel,Human Resources,15,Other,4,2,Manager,1,Divorced,5156,No,11,5,3,1,1
E2045,48,No,Travel_Rarely,Human Resources,10,Technical Degree,3,2,Human Resources,2,Married,7112,No,17,10,3,10,9
E2046,24,No,Non-Travel,Human Resources,1,Life Sciences,3,1,Human Resources,3,Divorced,4894,No,16,0,2,0,0
E2047,28,Yes,Travel_Frequently,Research & Development,14,Other,4,1,Manufacturing Director,2,Single,4135,No,22,7,1,1,0
E2048,43,No,Travel_Rarely,Sales,5,Other,4,1,Sales Representative,3,Divorced,2000,Yes,20,3,1,3,2
E2049,46,No,Travel_Rarely,Sales,2,Medical,4,2,Sales Executive,2,Single,7707,Yes,21,2,2,0,0
E2050,23,Yes,Travel_Rarely,Sales,7,Medical,1,2,Manager,1,Married,6821,Yes,23,3,3,2,1
E2051,39,No,Travel_Rarely,Research & Development,6,Technical Degree,4,4,Laboratory Technician,4,Divorced,14607,Yes,15,19,3,7,1
E2052,33,No,Non-Travel,Research & Development,19,Marketing,3,2,Laboratory Technician,4,Married,7199,No,16,11,3,1,1
E2053,39,No,Travel_Rarely,Sales,23,Technical Degree,4,1,Manager,1,Divorced,4927,No,16,10,2,2,0
E2054,59,No,Travel_Frequently,Human Resources,15,Marketing,3,4,Manager,1,Married,14760,No,23,21,2,8,3
E2055,21,Yes,Non-Travel,Research & Development,19,Medical,3,1,Research Director,2,Married,3350,No,17,1,1,0,0
E2056,60,Yes,Travel_Rarely,Research & Development,3,Medical,4,4,Manufacturing Director,3,Single,14434,No,22,15,4,5,5
E2057,37,No,Travel_Frequently,Research & Development,23,Technical Degree,1,2,Research Scientist,1,Divorced,5104,No,14,10,2,10,7
E2058,51,No,Travel_Frequently,Research & Development,15,Marketing,4,3,Research Scientist,4,Married,10605,No,24,15,3,1,0
E2059,36,No,Non-Travel,Human Resources,13,Life Sciences,2,2,Manager,1,Married,5292,No,18,10,2,4,0
E2060,31,No,Travel_Rarely,Human Resources,26,Technical Degree,1,3,Manager,4,Married,9071,No,25,11,2,1,0
E2061,51,No,Travel_Rarely,Sales,10,Human Resources,3,5,Sales Executive,1,Divorced,18844,No,17,31,1,7,2
E2062,47,No,Travel_Frequently,Human Resources,13,Life Sciences,4,2,Manager,4,Married,5590,No,11,4,4,4,4
E2063,24,Yes,Travel_Rarely,Research & Development,27,Medical,1,1,Research Director,4,Single,2939,Yes,14,2,1,2,1
E2064,48,No,Non-Travel,Human Resources,5,Marketing,4,3,Human Resources,4,Single,9693,No,17,7,4,0,0
E2065,50,No,Travel_Frequently,Research & Development,16,Other,2,2,Research Director,4,Married,6020,No,12,12,1,4,4
E2066,34,Yes,Travel_Rarely,Research & Development,17,Marketing,4,1,Laboratory Technician,2,Married,2254,No,22,5,1,5,0
E2067,57,Yes,Travel_Rarely,Research & Development,21,Other,1,1,Laboratory Technician,3,Single,4853,No,16,9,4,0,0
E2068,45,No,Travel_Rarely,Research & Development,27,Human Resources,3,4,Manufacturing Director,3,Married,16448,No,23,20,4,0,0
E2069,32,No,Travel_Frequently,Research & Development,10,Other,3,2,Research Scientist,1,Divorced,6335,No,25,7,4,3,0
E2070,18,No,Travel_Frequently,Research & Development,4,Technical Degree,4,1,Research Scientist,4,Married,2595,No,12,0,4,0,0
E2071,47,No,Travel_Rarely,Research & Development,12,Medical,2,1,Research Director,3,Divorced,2000,No,15,3,2,3,3
E2072,26,Yes,Travel_Frequently,Research & Development,5,Human Resources,1,1,Laboratory Technician,2,Single,2000,No,20,1,1,0,0
E2073,50,Yes,Travel_Rarely,Sales,22,Life Sciences,1,3,Sales Executive,1,Married,9185,Yes,23,14,3,7,6
E2074,40,No,Travel_Rarely,Human Resources,17,Human Resources,2,1,Manager,3,Married,4826,No,24,3,3,3,2
E2075,38,No,Travel_Rarely,Research & Development,22,Medical,4,1,Research Scientist,4,Married,4247,No,13,6,3,0,0
E2076,25,Yes,Travel_Rarely,Sales,10,Human Resources,1,1,Manager,1,Single,2912,Yes,14,6,1,1,1
E2077,48,Yes,Travel_Frequently,Human Resources,28,Technical Degree,4,1,Human Resources,4,Married,5158,No,13,8,1,4,2
E2078,25,Yes,Travel_Frequently,Research & Development,26,Medical,3,1,Manufacturing Director,3,Married,2991,Yes,16,1,3,0,0
E2079,35,Yes,Travel_Rarely,Research & Development,27,Marketing,3,3,Laboratory Technician,4,Single,8579,Yes,20,9,4,9,3
E2080,53,No,Travel_Rarely,Research & Development,21,Technical Degree,4,4,Research Director,1,Married,14462,No,16,18,4,3,2
E2081,57,No,Travel_Rarely,Human Resources,6,Human Resources,4,5,Manager,1,Married,17910,Yes,21,23,3,1,0
E2082,60,No,Travel_Frequently,Research & Development,5,Marketing,3,3,Research Director,3,Divorced,11030,No,16,17,2,11,3
E2083,59,No,Travel_Frequently,Research & Development,28,Life Sciences,4,5,Research Scientist,2,Married,18794,No,19,32,2,1,0
E2084,41,No,Travel_Frequently,Human Resources,26,Life Sciences,2,2,Human Resources,2,Married,6953,No,19,5,3,5,2
E2085,26,No,Travel_Rarely,Human Resources,26,Technical Degree,4,1,Manager,3,Married,2932,Yes,14,3,3,3,0
E2086,54,No,Travel_Rarely,Sales,19,Other,4,5,Sales Executive,1,Married,20366,No,11,24,1,2,1
E2087,52,Yes,Non-Travel,Research & Development,25,Marketing,4,4,Research Director,2,Married,15618,Yes,14,28,2,0,0
E2088,60,No,Travel_Frequently,Research & Development,15,Life Sciences,3,2,Research Director,2,Divorced,6839,No,22,17,3,0,0
E2089,45,No,Non-Travel,Research & Development,5,Medical,3,2,Manufacturing Director,2,Married,5513,No,22,15,4,1,0
E2090,24,No,Travel_Frequently,Research & Development,8,Other,2,1,Research Scientist,3,Married,4607,No,12,0,4,0,0
E2091,39,Yes,Non-Travel,Sales,25,Human Resources,4,2,Manager,1,Single,6564,No,16,5,4,5,3
E2092,37,No,Travel_Frequently,Research & Development,19,Life Sciences,3,1,Research Director,4,Divorced,2568,No,23,3,1,3,2
E2093,54,No,Travel_Frequently,Human Resources,29,Medical,1,4,Human Resources,3,Married,16323,Yes,23,25,2,4,0
E2094,34,Yes,Travel_Frequently,Research & Development,27,Human Resources,3,1,Manufacturing Director,1,Single,2000,No,11,5,3,3,2
E2095,32,No,Travel_Rarely,Sales,23,Technical Degree,1,2,Sales Executive,3,Single,5949,No,22,10,4,0,0
E2096,21,No,Travel_Rarely,Human Resources,2,Medical,3,1,Human Resources,1,Married,3329,No,22,0,2,0,0
E2097,53,No,Travel_Rarely,Research & Development,6,Human Resources,3,5,Research Scientist,1,Divorced,18599,Yes,12,29,4,3,2
E2098,50,No,Travel_Rarely,Sales,11,Other,4,5,Sales Representative,3,Single,18919,Yes,16,25,3,2,1
E2099,19,Yes,Travel_Rarely,Sales,2,Other,1,1,Sales Representative,1,Single,2375,No,11,0,3,0,0
E2100,36,Yes,Travel_Rarely,Research & Development,28,Human Resources,2,1,Manufacturing Director,3,Married,2000,Yes,20,2,3,2,1
E2101,38,Yes,Non-Travel,Research & Development,7,Marketing,2,1,Manufacturing Director,2,Married,2000,No,23,2,4,1,1
E2102,38,No,Travel_Rarely,Human Resources,12,Life Sciences,2,4,Manager,2,Divorced,13442,No,13,16,3,2,1
E2103,57,No,Travel_Frequently,Human Resources,20,Marketing,4,3,Human Resources,3,Divorced,11025,No,16,11,3,0,0
E2104,24,Yes,Travel_Rarely,Research & Development,2,Life Sciences,3,1,Research Scientist,3,Married,3584,No,19,3,2,2,0
E2105,31,Yes,Non-Travel,Research & Development,19,Technical Degree,2,1,Research Scientist,1,Married,3401,Yes,12,6,2,6,4
E2106,25,No,Travel_Rarely,Research & Development,3,Technical Degree,4,2,Research Director,4,Married,5995,No,15,5,3,0,0
E2107,28,Yes,Non-Travel,Human Resources,27,Marketing,3,1,Human Resources,3,Married,4129,No,14,5,4,5,2
E2108,57,Yes,Travel_Frequently,Sales,21,Life Sciences,2,4,Sales Executive,2,Married,13544,Yes,11,20,3,6,1
E2109,58,No,Non-Travel,Research & Development,10,Technical Degree,3,5,Research Scientist,1,Married,18616,No,21,35,4,9,6
E2110,19,Yes,Travel_Rarely,Research & Development,21,Life Sciences,4,1,Research Director,2,Divorced,3746,No,21,0,3,0,0
E2111,45,No,Non-Travel,Human Resources,10,Medical,2,4,Manager,3,Married,14767,Yes,12,21,2,1,1
E2112,28,No,Non-Travel,Research & Development,4,Other,3,2,Research Director,1,Married,7185,No,12,1,3,1,0
E2113,26,No,Travel_Rarely,Sales,1,Other,1,1,Sales Executive,2,Divorced,4750,Yes,12,4,3,2,2
E2114,30,No,Travel_Frequently,Human Resources,7,Technical Degree,1,3,Human Resources,4,Married,10532,No,25,10,4,10,9
E2115,26,Yes,Travel_Frequently,Sales,21,Marketing,1,2,Sales Representative,1,Single,5295,No,19,5,2,5,5
E2116,39,No,Travel_Rarely,Human Resources,17,Life Sciences,2,2,Human Resources,4,Divorced,5330,No,19,14,1,1,1
E2117,60,No,Travel_Frequently,Sales,8,Technical Degree,3,2,Manager,1,Divorced,5563,No,12,13,1,0,0
E2118,43,Yes,Travel_Frequently,Research & Development,20,Marketing,1,2,Research Director,3,Married,7632,Yes,11,11,1,3,3
E2119,49,No,Travel_Rarely,Human Resources,12,Human Resources,4,2,Human Resources,4,Divorced,8128,No,24,12,3,2,1
E2120,39,No,Travel_Rarely,Sales,5,Life Sciences,1,3,Manager,4,Married,10929,Yes,25,11,4,11,8
E2121,18,No,Travel_Frequently,Human Resources,20,Human Resources,3,1,Human Resources,3,Married,2494,No,19,0,3,0,0
E2122,21,Yes,Non-Travel,Research & Development,14,Human Resources,1,1,Laboratory Technician,1,Single,4431,Yes,12,1,1,1,0
E2123,29,No,Travel_Rarely,Sales,20,Marketing,1,1,Manager,1,Married,3447,Yes,11,3,2,0,0
E2124,28,Yes,Non-Travel,Sales,17,Life Sciences,3,1,Sales Representative,3,Single,4450,Yes,23,3,4,3,2
E2125,54,No,Non-Travel,Research & Development,3,Marketing,3,3,Research Scientist,3,Single,9729,Yes,18,14,1,7,3
E2126,54,Yes,Non-Travel,Research & Development,2,Marketing,3,2,Research Director,4,Divorced,5281,Yes,15,8,3,5,5
E2127,54,No,Travel_Rarely,Human Resources,3,Human Resources,4,5,Manager,4,Single,17727,Yes,11,30,2,6,0
E2128,45,No,Travel_Frequently,Sales,7,Medical,3,4,Sales Executive,4,Married,16240,No,19,16,4,2,0
E2129,41,Yes,Travel_Rarely,Human Resources,7,Life Sciences,4,1,Manager,3,Divorced,3100,No,24,4,3,1,0
E2130,45,No,Non-Travel,Research & Development,27,Other,2,3,Manufacturing Director,3,Divorced,9197,Yes,23,18,3,0,0
E2131,35,Yes,Travel_Frequently,Research & Development,23,Medical,2,2,Laboratory Technician,3,Married,6217,No,21,13,3,3,1
E2132,46,No,Travel_Frequently,Human Resources,26,Life Sciences,2,2,Human Resources,1,Single,6096,No,11,8,4,6,5
E2133,52,No,Travel_Rarely,Research & Development,14,Other,2,2,Research Director,2,Married,8037,No,22,7,3,4,4
E2134,50,No,Non-Travel,Human Resources,10,Human Resources,4,1,Human Resources,1,Married,2000,No,21,3,3,0,0
E2135,44,No,Travel_Rarely,Human Resources,12,Medical,3,2,Manager,2,Married,4987,No,23,3,4,3,1
E2136,20,Yes,Travel_Rarely,Research & Development,26,Marketing,4,1,Research Director,1,Married,4254,No,13,1,3,1,1
E2137,49,No,Non-Travel,Human Resources,11,Human Resources,2,4,Manager,4,Divorced,15333,Yes,23,29,3,2,0
E2138,33,Yes,Non-Travel,Human Resources,19,Human Resources,4,1,Human Resources,4,Married,2000,No,21,2,2,2,2
E2139,49,No,Travel_Rarely,Research & Development,5,Marketing,1,4,Laboratory Technician,3,Married,13251,No,22,22,2,1,1
E2140,41,No,Travel_Frequently,Research & Development,29,Medical,2,2,Research Director,2,Married,5355,No,13,3,1,3,3
E2141,55,No,Travel_Frequently,Research & Development,19,Life Sciences,1,4,Laboratory Technician,1,Single,14043,No,23,22,3,1,0
E2142,32,Yes,Travel_Rarely,Sales,29,Other,4,2,Sales Representative,3,Married,4900,No,11,10,2,1,1
E2143,58,No,Travel_Frequently,Research & Development,9,Human Resources,2,3,Manufacturing Director,1,Divorced,8646,No,14,16,4,12,12
E2144,54,Yes,Non-Travel,Research & Development,18,Other,4,1,Manufacturing Director,1,Married,4154,Yes,13,3,4,2,0
E2145,32,Yes,Non-Travel,Research & Development,8,Human Resources,2,2,Manufacturing Director,1,Divorced,7764,Yes,14,8,4,8,4
E2146,38,No,Travel_Frequently,Research & Development,14,Medical,1,3,Laboratory Technician,2,Divorced,11114,No,20,18,2,0,0
E2147,40,Yes,Travel_Rarely,Research & Development,10,Medical,2,1,Laboratory Technician,3,Married,3095,Yes,24,7,3,0,0
E2148,51,Yes,Non-Travel,Sales,5,Medical,2,2,Sales Representative,2,Married,5888,No,25,8,4,6,6
E2149,47,No,Non-Travel,Human Resources,13,Marketing,3,2,Manager,4,Divorced,8150,Yes,12,5,3,1,0
E2150,54,No,Travel_Rarely,Research & Development,16,Other,2,4,Research Director,3,Married,15743,No,25,20,3,0,0
E2151,33,No,Travel_Rarely,Sales,5,Human Resources,3,2,Sales Representative,4,Married,6691,No,12,9,2,6,0
E2152,39,No,Travel_Frequently,Sales,12,Marketing,3,3,Manager,2,Married,8782,No,22,16,2,15,9
E2153,36,Yes,Travel_Frequently,Research & Development,3,Human Resources,1,2,Laboratory Technician,2,Single,6095,No,13,13,3,13,12
E2154,57,No,Travel_Frequently,Sales,19,Other,3,5,Manager,1,Married,19374,No,23,33,4,1,1
E2155,31,No,Travel_Frequently,Human Resources,10,Marketing,3,3,Human Resources,1,Married,9547,No,16,10,1,9,6
E2156,43,No,Travel_Rarely,Research & Development,3,Other,2,2,Laboratory Technician,1,Single,4778,No,24,7,1,2,0
E2157,23,No,Travel_Rarely,Sales,15,Life Sciences,4,2,Sales Executive,1,Divorced,7888,No,19,2,1,2,2
E2158,54,No,Non-Travel,Research & Development,25,Medical,1,2,Laboratory Technician,4,Divorced,6945,Yes,18,12,3,1,0
E2159,34,Yes,Travel_Frequently,Human Resources,29,Medical,4,2,Manager,3,Divorced,6752,No,17,6,2,6,3
E2160,32,Yes,Travel_Frequently,Sales,29,Medical,2,2,Sales Executive,3,Single,5670,No,14,12,2,2,1
E2161,43,No,Travel_Rarely,Research & Development,6,Medical,2,2,Research Scientist,2,Married,7767,No,18,16,4,2,2
E2162,39,No,Travel_Rarely,Sales,7,Marketing,3,4,Manager,3,Single,15590,No,20,19,1,0,0
E2163,54,Yes,Travel_Rarely,Research & Development,26,Human Resources,3,3,Research Director,3,Single,8223,No,13,16,1,4,3
E2164,40,No,Travel_Frequently,Research & Development,19,Technical Degree,3,3,Laboratory Technician,4,Married,9812,No,13,12,1,1,0
E2165,40,No,Travel_Frequently,Human Resources,16,Marketing,3,2,Human Resources,4,Divorced,7194,No,17,11,2,1,0
E2166,22,No,Travel_Rarely,Research & Development,24,Marketing,2,1,Manufacturing Director,3,Single,4374,No,23,0,3,0,0
E2167,18,No,Travel_Rarely,Research & Development,2,Medical,4,1,Research Director,4,Married,2171,No,16,0,1,0,0
E2168,35,Yes,Non-Travel,Sales,17,Human Resources,3,2,Sales Representative,3,Single,7882,Yes,17,9,1,9,7
E2169,60,No,Travel_Frequently,Research & Development,17,Human Resources,1,2,Research Scientist,4,Divorced,6305,No,25,6,1,6,4
E2170,57,No,Non-Travel,Sales,28,Technical Degree,4,5,Sales Representative,3,Single,17948,Yes,14,34,4,5,1
E2171,45,Yes,Travel_Frequently,Research & Development,14,Human Resources,4,1,Laboratory Technician,4,Married,2020,Yes,16,5,1,5,1
E2172,45,Yes,Travel_Rarely,Human Resources,15,Human Resources,1,1,Manager,1,Single,2422,Yes,23,7,3,7,0
E2173,34,No,Non-Travel,Research & Development,24,Human Resources,4,2,Research Scientist,1,Married,5920,No,18,12,3,0,0
E2174,25,No,Travel_Frequently,Research & Development,8,Life Sciences,3,2,Manufacturing Director,2,Married,6227,Yes,12,1,1,1,1
E2175,18,Yes,Travel_Rarely,Human Resources,3,Life Sciences,4,1,Human Resources,4,Married,4071,Yes,14,0,3,0,0
E2176,32,Yes,Travel_Rarely,Sales,14,Marketing,2,2,Manager,4,Divorced,5504,Yes,25,10,2,0,0
E2177,31,No,Travel_Frequently,Research & Development,18,Life Sciences,1,1,Manufacturing Director,2,Divorced,5004,No,23,2,3,1,1
E2178,26,Yes,Travel_Rarely,Sales,15,Life Sciences,1,1,Sales Executive,2,Married,2215,No,25,5,1,2,0
E2179,29,No,Travel_Rarely,Sales,21,Life Sciences,1,2,Manager,2,Divorced,6828,No,18,7,3,0,0
E2180,19,No,Non-Travel,Research & Development,8,Life Sciences,4,1,Manufacturing Director,1,Married,4701,No,20,0,4,0,0
E2181,44,No,Travel_Rarely,Research & Development,1,Medical,2,4,Manufacturing Director,3,Single,15964,Yes,13,20,1,10,10
E2182,57,No,Travel_Rarely,Research & Development,23,Medical,4,5,Research Scientist,4,Married,19598,No,21,27,3,0,0
E2183,47,No,Travel_Rarely,Human Resources,25,Human Resources,1,4,Human Resources,4,Married,15434,Yes,19,17,3,0,0
E2184,37,Yes,Travel_Rarely,Research & Development,18,Other,2,1,Research Director,1,Married,2200,No,11,7,1,1,0
E2185,36,No,Non-Travel,Sales,10,Medical,4,3,Sales Representative,2,Married,7764,No,23,12,3,9,6
E2186,31,Yes,Travel_Rarely,Human Resources,11,Marketing,2,2,Manager,3,Married,6410,No,17,11,3,1,0
E2187,24,Yes,Travel_Rarely,Research & Development,14,Technical Degree,4,1,Research Director,3,Single,2000,Yes,25,3,2,1,1
E2188,43,Yes,Travel_Frequently,Research & Development,13,Medical,1,4,Laboratory Technician,3,Married,14142,Yes,24,16,2,12,4
E2189,42,No,Non-Travel,Sales,7,Medical,4,3,Sales Representative,3,Married,8473,No,17,11,3,4,4
E2190,18,No,Non-Travel,Sales,11,Human Resources,3,1,Manager,2,Married,4657,No,11,0,3,0,0
E2191,35,No,Travel_Rarely,Research & Development,9,Marketing,4,4,Research Scientist,2,Divorced,15970,No,13,16,4,5,2
E2192,29,No,Travel_Rarely,Sales,13,Human Resources,1,1,Sales Representative,1,Married,4396,No,15,2,1,2,2
E2193,25,Yes,Travel_Frequently,Research & Development,11,Life Sciences,4,1,Research Director,3,Married,3989,No,15,1,4,1,1
E2194,48,Yes,Travel_Rarely,Research & Development,16,Marketing,2,4,Research Scientist,2,Single,13429,Yes,16,16,1,4,0
E2195,40,No,Travel_Rarely,Research & Development,24,Medical,1,2,Laboratory Technician,2,Married,5059,No,25,11,3,2,2
E2196,45,No,Travel_Rarely,Human Resources,10,Medical,1,4,Human Resources,4,Divorced,15139,Yes,21,15,2,7,4
E2197,48,No,Non-Travel,Human Resources,2,Marketing,1,1,Human Resources,4,Divorced,3858,No,13,4,1,1,1
E2198,60,No,Travel_Rarely,Sales,24,Medical,3,4,Sales Executive,4,Divorced,14263,No,21,18,3,10,8
E2199,52,No,Travel_Rarely,Sales,6,Human Resources,1,4,Sales Executive,1,Single,14704,No,11,20,3,4,3
E2200,44,No,Travel_Rarely,Research & Development,27,Medical,4,3,Research Director,4,Divorced,9562,No,11,15,3,5,2
E2201,55,No,Travel_Rarely,Research & Development,16,Other,1,4,Research Scientist,3,Married,14050,Yes,20,24,2,1,0
E2202,38,Yes,Non-Travel,Human Resources,16,Marketing,1,3,Manager,1,Single,8910,No,14,14,2,0,0
E2203,60,No,Travel_Frequently,Research & Development,12,Technical Degree,4,4,Laboratory Technician,2,Single,14794,No,17,27,3,14,8
E2204,50,No,Travel_Frequently,Sales,21,Medical,4,5,Manager,1,Divorced,19321,No,23,24,1,2,0
E2205,45,No,Travel_Rarely,Sales,19,Other,3,3,Sales Executive,2,Married,11275,No,16,17,4,1,0
E2206,56,No,Travel_Rarely,Research & Development,27,Technical Degree,4,3,Research Director,3,Married,9975,No,13,21,3,4,3
E2207,40,No,Travel_Rarely,Sales,1,Human Resources,3,3,Sales Representative,2,Divorced,10329,Yes,25,13,4,2,0
E2208,48,No,Travel_Frequently,Sales,6,Other,1,1,Manager,3,Single,4475,No,15,5,1,3,0
E2209,30,Yes,Travel_Frequently,Research & Development,9,Other,2,1,Research Director,4,Single,2000,No,20,3,3,3,3
E2210,59,No,Non-Travel,Sales,6,Medical,4,5,Sales Representative,1,Divorced,19416,Yes,13,22,3,1,1
E2211,44,No,Non-Travel,Research & Development,28,Medical,3,3,Manufacturing Director,4,Married,9777,No,13,21,4,6,5
E2212,51,No,Travel_Rarely,Research & Development,3,Medical,3,3,Research Scientist,1,Divorced,10134,No,22,22,2,1,0
E2213,37,No,Travel_Rarely,Human Resources,4,Technical Degree,1,1,Human Resources,1,Married,2000,Yes,24,3,4,0,0
E2214,55,No,Travel_Rarely,Human Resources,13,Other,3,4,Human Resources,1,Single,16302,Yes,11,22,1,0,0
E2215,21,No,Non-Travel,Research & Development,8,Human Resources,1,1,Research Director,1,Married,4785,No,25,0,4,0,0
E2216,22,Yes,Non-Travel,Sales,10,Technical Degree,3,1,Manager,2,Divorced,2000,No,15,2,3,2,0
E2217,39,Yes,Travel_Frequently,Sales,18,Marketing,1,3,Manager,4,Single,8635,Yes,25,16,4,2,0
E2218,49,No,Travel_Rarely,Sales,17,Human Resources,2,3,Manager,3,Single,8601,Yes,18,18,1,2,2
E2219,52,No,Non-Travel,Human Resources,26,Marketing,3,3,Manager,2,Married,10785,Yes,22,20,2,2,0
E2220,36,No,Non-Travel,Research & Development,14,Other,1,2,Research Director,4,Married,6783,Yes,11,6,3,1,0
E2221,45,No,Travel_Rarely,Sales,28,Technical Degree,3,3,Sales Representative,2,Married,8351,No,13,12,3,1,1
E2222,41,Yes,Non-Travel,Research & Development,6,Technical Degree,2,3,Research Scientist,1,Single,10859,Yes,25,19,1,4,4
E2223,59,No,Travel_Frequently,Research & Development,6,Human Resources,3,5,Research Director,1,Divorced,18647,Yes,13,29,3,2,0
E2224,46,Yes,Non-Travel,Research & Development,12,Human Resources,3,4,Research Scientist,3,Single,14463,Yes,24,15,2,15,8
E2225,35,No,Travel_Frequently,Research & Development,4,Marketing,4,2,Research Scientist,1,Single,6086,No,12,7,1,1,1
E2226,59,Yes,Travel_Rarely,Sales,1,Marketing,4,1,Manager,2,Divorced,3475,No,20,5,3,1,0
E2227,22,No,Travel_Frequently,Sales,11,Marketing,1,1,Sales Executive,2,Married,3130,No,16,0,3,0,0
E2228,60,No,Travel_Rarely,Sales,16,Other,2,2,Sales Executive,2,Married,5851,No,17,11,1,1,0
E2229,24,Yes,Travel_Rarely,Research & Development,9,Life Sciences,1,2,Manufacturing Director,4,Married,6016,No,21,2,4,0,0
E2230,30,No,Non-Travel,Human Resources,8,Human Resources,2,3,Manager,1,Married,10829,No,13,10,3,4,0
E2231,53,No,Non-Travel,Research & Development,3,Other,3,4,Research Scientist,1,Married,14730,No,16,18,2,2,0
E2232,49,Yes,Travel_Rarely,Research & Development,4,Life Sciences,1,1,Laboratory Technician,2,Divorced,5017,No,19,9,4,0,0
E2233,59,Yes,Travel_Rarely,Research & Development,26,Technical Degree,2,1,Research Scientist,3,Single,3655,Yes,16,7,4,5,4
E2234,50,No,Travel_Rarely,Sales,2,Technical Degree,4,2,Sales Executive,2,Divorced,7621,No,14,12,4,7,3
E2235,45,No,Travel_Rarely,Research & Development,21,Marketing,1,4,Research Scientist,1,Single,14118,No,11,21,4,8,3
E2236,32,Yes,Travel_Frequently,Human Resources,21,Life Sciences,1,1,Manager,3,Divorced,4416,No,20,5,1,0,0
E2237,18,Yes,Travel_Rarely,Human Resources,6,Human Resources,2,1,Human Resources,3,Divorced,2375,Yes,11,0,1,0,0
E2238,23,Yes,Travel_Rarely,Human Resources,8,Technical Degree,4,1,Manager,3,Divorced,2000,No,13,3,1,3,1
E2239,30,No,Travel_Frequently,Research & Development,11,Human Resources,3,2,Research Scientist,3,Married,5093,No,14,2,4,2,0
E2240,19,Yes,Travel_Frequently,Human Resources,20,Life Sciences,1,1,Manager,3,Divorced,2000,Yes,21,0,2,0,0
E2241,39,No,Travel_Frequently,Research & Development,2,Other,3,3,Research Director,3,Divorced,11325,Yes,12,19,2,1,1
E2242,51,No,Non-Travel,Human Resources,24,Technical Degree,1,4,Human Resources,3,Married,16310,Yes,15,14,4,0,0
E2243,59,No,Travel_Frequently,Human Resources,10,Marketing,4,2,Manager,4,Divorced,7318,No,12,5,1,1,0
E2244,39,No,Travel_Frequently,Research & Development,15,Marketing,1,3,Laboratory Technician,2,Married,8348,No,18,18,2,7,1
E2245,55,No,Travel_Rarely,Research & Development,27,Other,3,5,Manufacturing Director,2,Divorced,20636,No,13,31,2,4,2
E2246,60,No,Travel_Rarely,Sales,4,Technical Degree,2,4,Manager,1,Divorced,15733,No,13,22,2,13,9
E2247,54,No,Travel_Rarely,Research & Development,28,Technical Degree,3,3,Manufacturing Director,4,Married,9213,No,15,20,3,7,2
E2248,37,Yes,Non-Travel,Human Resources,18,Technical Degree,2,1,Manager,1,Single,3408,No,14,5,3,3,0
E2249,31,Yes,Travel_Rarely,Sales,13,Medical,3,2,Manager,1,Single,7166,Yes,11,10,2,0,0
E2250,60,Yes,Travel_Frequently,Sales,3,Medical,4,4,Sales Representative,1,Single,13214,Yes,17,22,1,5,4
E2251,28,Yes,Travel_Frequently,Human Resources,2,Human Resources,4,1,Human Resources,2,Married,3245,No,18,1,3,1,1
E2252,35,Yes,Travel_Rarely,Research & Development,24,Medical,3,3,Manufacturing Director,1,Married,10253,Yes,17,11,3,8,1
E2253,21,Yes,Non-Travel,Sales,12,Life Sciences,4,1,Manager,3,Divorced,2189,Yes,17,2,3,2,2
E2254,52,No,Travel_Frequently,Human Resources,23,Marketing,1,4,Human Resources,4,Married,14883,No,25,27,2,0,0
E2255,45,No,Travel_Rarely,Research & Development,25,Life Sciences,3,1,Manufacturing Director,2,Single,3674,No,15,9,4,1,1
E2256,21,Yes,Travel_Rarely,Research & Development,12,Technical Degree,3,1,Research Scientist,4,Married,4024,Yes,16,0,3,0,0
E2257,27,No,Non-Travel,Research & Development,10,Technical Degree,2,2,Laboratory Technician,2,Single,8146,No,18,8,4,0,0
E2258,41,Yes,Travel_Rarely,Research & Development,8,Other,2,4,Research Director,4,Divorced,16019,No,12,20,3,5,0
E2259,41,No,Travel_Rarely,Research & Development,19,Technical Degree,2,3,Manufacturing Director,1,Single,9905,No,25,12,2,0,0
E2260,52,No,Travel_Frequently,Research & Development,21,Marketing,3,4,Manufacturing Director,3,Married,15133,No,18,21,2,1,1
E2261,29,Yes,Travel_Rarely,Human Resources,11,Technical Degree,3,1,Manager,4,Divorced,3761,Yes,21,5,3,5,3
E2262,57,No,Travel_Rarely,Research & Development,17,Technical Degree,4,3,Research Scientist,3,Married,9838,Yes,15,17,3,0,0
E2263,37,Yes,Non-Travel,Research & Development,16,Human Resources,3,1,Research Director,4,Divorced,2000,Yes,21,3,3,1,1
E2264,53,No,Travel_Rarely,Research & Development,5,Other,4,2,Laboratory Technician,3,Married,7134,No,24,6,3,1,0
E2265,28,Yes,Non-Travel,Human Resources,16,Life Sciences,4,1,Manager,3,Divorced,4037,No,19,2,2,2,0
E2266,19,No,Travel_Frequently,Research & Development,23,Human Resources,3,1,Research Director,3,Married,3244,No,14,0,1,0,0
E2267,20,No,Travel_Rarely,Research & Development,28,Human Resources,1,1,Research Scientist,2,Married,4496,No,21,0,2,0,0
E2268,34,Yes,Travel_Rarely,Human Resources,10,Medical,2,1,Manager,1,Single,3964,No,23,4,4,4,1
E2269,58,No,Travel_Rarely,Research & Development,7,Marketing,1,4,Research Scientist,4,Divorced,14399,Yes,21,22,3,12,5
E2270,20,Yes,Travel_Frequently,Research & Development,26,Marketing,2,1,Manufacturing Director,4,Single,2000,Yes,20,0,4,0,0
E2271,33,No,Non-Travel,Sales,27,Marketing,4,2,Sales Representative,4,Married,4777,No,17,3,3,3,0
E2272,22,No,Travel_Rarely,Sales,25,Other,2,2,Sales Executive,4,Married,5761,No,13,2,4,2,0
E2273,58,No,Travel_Frequently,Human Resources,10,Medical,4,4,Manager,1,Divorced,14507,No,21,16,1,3,1
E2274,47,No,Travel_Frequently,Human Resources,8,Marketing,2,4,Manager,1,Married,13554,Yes,17,18,3,3,0
E2275,50,No,Travel_Rarely,Research & Development,19,Technical Degree,3,5,Research Scientist,2,Married,18033,No,14,28,1,4,0
E2276,48,No,Non-Travel,Human Resources,8,Medical,1,2,Manager,3,Married,5496,Yes,18,6,1,6,0
E2277,46,No,Non-Travel,Research & Development,23,Human Resources,3,4,Research Director,1,Divorced,15942,No,11,24,1,0,0
E2278,51,No,Travel_Rarely,Research & Development,12,Technical Degree,1,5,Manufacturing Director,4,Married,20070,Yes,18,28,2,1,1
E2279,18,No,Travel_Rarely,Human Resources,10,Medical,2,1,Manager,1,Divorced,2790,No,19,0,1,0,0
E2280,55,Yes,Non-Travel,Research & Development,24,Medical,4,3,Laboratory Technician,4,Single,8773,Yes,16,23,2,5,2
E2281,49,No,Non-Travel,Research & Development,11,Life Sciences,1,3,Manufacturing Director,2,Married,8398,Yes,21,19,1,6,4
E2282,49,Yes,Travel_Rarely,Sales,4,Technical Degree,4,4,Manager,2,Married,13315,No,19,19,1,9,0
E2283,34,No,Non-Travel,Research & Development,24,Human Resources,4,1,Manufacturing Director,2,Married,3219,No,16,10,2,3,0
E2284,52,No,Travel_Rarely,Human Resources,10,Other,1,1,Manager,2,Married,2000,No,21,3,2,0,0
E2285,34,Yes,Travel_Rarely,Research & Development,20,Technical Degree,2,3,Research Director,3,Married,8978,No,12,14,2,4,2
E2286,20,Yes,Travel_Rarely,Sales,20,Other,4,1,Manager,2,Married,4855,No,18,1,2,0,0
E2287,57,No,Travel_Frequently,Research & Development,3,Other,2,5,Manufacturing Director,2,Married,19186,Yes,13,29,2,10,5
E2288,28,Yes,Travel_Rarely,Research & Development,1,Technical Degree,4,1,Research Director,2,Divorced,4489,No,20,4,1,0,0
E2289,22,No,Travel_Frequently,Research & Development,24,Marketing,4,1,Manufacturing Director,1,Married,2000,No,11,0,2,0,0
E2290,44,No,Travel_Rarely,Sales,2,Other,1,3,Sales Representative,1,Married,8708,No,23,13,4,9,0
E2291,28,Yes,Travel_Rarely,Research & Development,10,Technical Degree,3,1,Research Scientist,2,Divorced,4963,No,11,5,1,5,4
E2292,54,Yes,Non-Travel,Sales,23,Human Resources,4,2,Sales Executive,1,Single,6432,No,18,16,1,8,0
E2293,37,Yes,Travel_Rarely,Research & Development,6,Medical,3,1,Research Director,2,Married,3999,Yes,20,7,4,0,0
E2294,18,Yes,Non-Travel,Sales,16,Other,4,1,Sales Representative,2,Married,4866,No,17,0,3,0,0
E2295,58,No,Travel_Frequently,Human Resources,4,Marketing,3,3,Manager,1,Married,10018,No,14,21,2,3,1
E2296,40,No,Non-Travel,Human Resources,17,Other,3,3,Manager,2,Single,8679,No,14,9,4,9,6
E2297,29,No,Travel_Rarely,Research & Development,21,Marketing,1,2,Laboratory Technician,3,Divorced,6712,No,23,10,2,1,1
E2298,47,Yes,Non-Travel,Human Resources,8,Other,4,2,Human Resources,4,Single,4921,Yes,12,7,3,1,1
E2299,40,Yes,Non-Travel,Human Resources,9,Human Resources,4,1,Human Resources,2,Married,2163,Yes,21,8,3,8,1
E2300,19,Yes,Travel_Rarely,Sales,16,Medical,2,2,Sales Executive,3,Married,4475,No,15,0,1,0,0
E2301,50,No,Travel_Rarely,Research & Development,23,Life Sciences,1,3,Manufacturing Director,1,Married,11025,No,11,17,4,0,0
E2302,35,Yes,Travel_Rarely,Sales,16,Life Sciences,3,2,Manager,2,Single,7119,No,17,8,3,0,0
E2303,48,Yes,Travel_Frequently,Sales,21,Marketing,4,4,Sales Executive,3,Married,14054,No,12,19,1,1,1
E2304,56,No,Travel_Rarely,Sales,12,Life Sciences,3,5,Sales Representative,2,Married,18384,No,22,34,4,6,3
E2305,44,No,Travel_Rarely,Research & Development,4,Technical Degree,4,3,Research Scientist,4,Divorced,9961,No,22,8,3,4,1
E2306,46,No,Travel_Frequently,Sales,28,Technical Degree,3,3,Manager,4,Divorced,11228,No,14,19,4,2,1
E2307,28,Yes,Travel_Frequently,Sales,24,Human Resources,2,1,Sales Representative,4,Married,2537,Yes,22,1,4,1,1
E2308,28,No,Non-Travel,Research & Development,2,Other,2,1,Research Scientist,2,Married,2695,No,21,3,2,0,0
E2309,35,No,Non-Travel,Human Resources,9,Human Resources,4,2,Manager,1,Single,7760,No,21,8,4,8,0
E2310,54,No,Travel_Rarely,Sales,13,Other,3,1,Sales Representative,3,Divorced,4737,Yes,12,4,1,3,3
E2311,40,Yes,Travel_Rarely,Research & Development,3,Technical Degree,3,2,Research Director,4,Single,8169,Yes,12,13,2,13,1
E2312,32,Yes,Travel_Rarely,Sales,25,Other,4,1,Sales Executive,1,Divorced,2836,No,13,9,3,9,7
E2313,51,No,Travel_Rarely,Human Resources,6,Human Resources,4,4,Manager,4,Divorced,13631,No,23,24,3,15,0
E2314,54,Yes,Travel_Rarely,Research & Development,6,Human Resources,4,3,Manufacturing Director,1,Married,9550,No,15,19,1,0,0
E2315,56,No,Non-Travel,Sales,10,Marketing,2,5,Sales Executive,3,Divorced,18205,No,18,23,1,9,5
E2316,30,No,Non-Travel,Research & Development,28,Technical Degree,1,1,Research Director,4,Married,4744,Yes,18,5,4,5,0
E2317,48,No,Non-Travel,Research & Development,7,Other,3,1,Manufacturing Director,1,Married,2000,No,25,4,4,4,3
E2318,43,Yes,Travel_Rarely,Sales,13,Marketing,2,1,Sales Representative,2,Married,3829,No,13,4,3,0,0
E2319,37,Yes,Travel_Frequently,Human Resources,20,Technical Degree,4,2,Human Resources,4,Single,8102,No,22,12,3,7,4
E2320,35,No,Travel_Frequently,Sales,5,Technical Degree,1,3,Sales Representative,2,Married,11308,No,12,16,4,15,12
E2321,22,No,Travel_Rarely,Sales,3,Medical,4,1,Sales Representative,3,Single,3725,No,25,0,1,0,0
E2322,29,Yes,Travel_Rarely,Research & Development,3,Life Sciences,3,1,Research Scientist,1,Married,5015,No,19,6,4,5,2
E2323,41,No,Travel_Frequently,Sales,6,Human Resources,1,3,Sales Representative,3,Single,8155,No,14,16,1,10,3
E2324,56,Yes,Travel_Rarely,Research & Development,10,Human Resources,1,5,Manufacturing Director,3,Single,18707,Yes,17,30,3,1,0
E2325,55,No,Travel_Rarely,Research & Development,28,Technical Degree,1,5,Manufacturing Director,3,Single,17081,No,21,20,2,1,1
E2326,26,Yes,Travel_Rarely,Research & Development,27,Technical Degree,4,1,Research Director,3,Single,5084,No,17,5,4,5,3
E2327,47,Yes,Travel_Rarely,Sales,17,Life Sciences,3,4,Sales Executive,2,Divorced,16210,No,12,20,1,7,5
E2328,21,Yes,Non-Travel,Human Resources,28,Medical,3,1,Manager,3,Divorced,2000,No,15,2,3,2,1
E2329,47,Yes,Non-Travel,Research & Development,1,Human Resources,3,1,Laboratory Technician,2,Divorced,2000,Yes,24,5,1,5,2
E2330,32,No,Non-Travel,Human Resources,17,Technical Degree,2,3,Human Resources,4,Single,9014,No,16,12,1,3,0
E2331,37,No,Non-Travel,Human Resources,13,Medical,1,1,Manager,3,Divorced,2435,Yes,18,2,2,2,0
E2332,48,No,Travel_Rarely,Sales,4,Technical Degree,3,5,Sales Representative,2,Married,20174,Yes,13,24,4,1,0
E2333,36,No,Travel_Rarely,Human Resources,17,Life Sciences,1,1,Manager,4,Divorced,2092,No,11,2,2,2,0
E2334,52,No,Travel_Rarely,Research & Development,14,Human Resources,1,1,Laboratory Technician,2,Divorced,4577,No,15,9,3,9,0
E2335,40,No,Non-Travel,Research & Development,23,Life Sciences,4,2,Research Director,4,Married,6471,No,24,2,3,2,1
E2336,60,No,Travel_Rarely,Sales,13,Other,1,4,Sales Executive,4,Married,14371,No,19,20,4,12,6
E2337,45,No,Travel_Frequently,Sales,13,Medical,4,3,Sales Executive,3,Married,8160,Yes,16,10,2,0,0
E2338,30,Yes,Travel_Rarely,Sales,7,Medical,1,1,Sales Executive,2,Married,5022,No,18,2,1,2,2
E2339,51,No,Travel_Rarely,Research & Development,14,Other,2,4,Manufacturing Director,2,Married,15013,No,23,15,4,0,0
E2340,35,Yes,Travel_Rarely,Human Resources,3,Human Resources,3,1,Human Resources,4,Single,3268,No,24,7,2,2,0
E2341,40,No,Travel_Rarely,Research & Development,17,Marketing,1,3,Research Director,2,Single,9189,No,15,16,1,11,9
E2342,23,No,Travel_Rarely,Research & Development,12,Medical,4,2,Research Scientist,3,Divorced,7780,No,23,4,4,1,0
E2343,23,Yes,Travel_Frequently,Research & Development,8,Life Sciences,4,1,Manufacturing Director,4,Married,4444,No,23,3,4,3,2
E2344,42,No,Travel_Frequently,Research & Development,11,Marketing,1,1,Research Director,1,Married,4449,No,11,4,1,1,1
E2345,26,No,Travel_Rarely,Research & Development,26,Technical Degree,1,2,Research Director,1,Married,6687,No,24,2,4,2,0
E2346,60,No,Non-Travel,Sales,21,Marketing,4,5,Sales Executive,4,Married,20758,No,14,35,3,4,2
E2347,54,No,Travel_Rarely,Research & Development,25,Other,2,2,Research Scientist,4,Single,5737,No,22,6,2,6,1
E2348,48,No,Travel_Frequently,Research & Development,12,Human Resources,1,3,Research Director,2,Divorced,10233,No,24,13,3,13,0
E2349,49,No,Travel_Frequently,Research & Development,12,Medical,4,5,Laboratory Technician,1,Divorced,18746,No,19,27,1,7,3
E2350,43,Yes,Travel_Frequently,Sales,1,Other,2,5,Manager,3,Single,19230,No,15,22,1,0,0
E2351,20,Yes,Non-Travel,Human Resources,20,Marketing,2,1,Human Resources,3,Divorced,4944,No,23,0,1,0,0
E2352,34,No,Non-Travel,Human Resources,1,Life Sciences,3,2,Manager,2,Married,8296,No,18,10,1,5,2
E2353,39,Yes,Travel_Frequently,Sales,29,Other,3,1,Sales Executive,1,Married,3644,No,22,10,3,7,2
E2354,57,No,Non-Travel,Research & Development,20,Human Resources,4,5,Laboratory Technician,3,Single,19379,Yes,21,28,4,8,3
E2355,27,Yes,Travel_Frequently,Research & Development,14,Marketing,4,1,Research Scientist,2,Married,4631,Yes,15,1,2,0,0
E2356,39,Yes,Travel_Rarely,Research & Development,20,Other,4,1,Research Director,3,Single,5060,No,19,4,1,0,0
E2357,32,No,Non-Travel,Research & Development,29,Other,4,1,Manufacturing Director,3,Divorced,4495,No,14,8,2,8,4
E2358,23,Yes,Travel_Rarely,Sales,5,Other,3,1,Sales Executive,2,Married,2000,No,11,1,3,1,0
E2359,22,No,Travel_Rarely,Research & Development,22,Other,3,1,Laboratory Technician,3,Married,2659,No,21,2,4,0,0
E2360,33,No,Travel_Rarely,Human Resources,26,Medical,2,2,Human Resources,4,Married,7788,No,14,5,3,1,1
E2361,21,Yes,Non-Travel,Research & Development,18,Technical Degree,3,1,Manufacturing Director,3,Divorced,4219,No,18,2,2,2,0
E2362,20,Yes,Non-Travel,Research & Development,20,Medical,1,1,Laboratory Technician,1,Married,4088,Yes,12,1,3,1,0
E2363,33,Yes,Non-Travel,Sales,15,Human Resources,2,2,Sales Representative,3,Married,7068,Yes,20,7,1,7,6
E2364,26,No,Travel_Rarely,Research & Development,5,Marketing,2,2,Research Director,2,Married,6143,No,13,6,2,6,4
E2365,41,Yes,Travel_Rarely,Human Resources,29,Other,3,1,Manager,3,Married,3141,Yes,14,7,3,7,7
E2366,18,Yes,Travel_Rarely,Sales,9,Other,4,1,Manager,1,Divorced,4281,No,13,0,1,0,0
E2367,30,Yes,Travel_Rarely,Sales,12,Medical,2,1,Manager,3,Single,2598,No,24,3,1,0,0
E2368,37,No,Travel_Frequently,Research & Development,29,Medical,3,4,Research Director,3,Divorced,15247,No,20,15,4,4,0
E2369,59,Yes,Travel_Rarely,Human Resources,2,Life Sciences,2,5,Manager,1,Married,20072,Yes,20,32,1,0,0
E2370,45,Yes,Travel_Frequently,Human Resources,12,Technical Degree,2,4,Manager,2,Single,16126,No,17,23,1,2,1
E2371,55,No,Travel_Frequently,Research & Development,17,Marketing,3,5,Manufacturing Director,2,Divorced,18610,No,23,31,3,4,2
E2372,32,Yes,Travel_Frequently,Sales,7,Other,1,2,Sales Representative,3,Divorced,7527,No,11,12,2,0,0
E2373,37,No,Non-Travel,Human Resources,20,Human Resources,4,1,Human Resources,3,Divorced,2023,No,17,5,4,5,5
E2374,36,No,Non-Travel,Research & Development,16,Marketing,1,3,Research Director,3,Single,8373,No,12,16,4,1,0
E2375,56,No,Travel_Rarely,Sales,8,Technical Degree,1,4,Manager,4,Divorced,14591,No,21,22,4,0,0
E2376,59,No,Travel_Frequently,Human Resources,6,Technical Degree,4,2,Manager,4,Married,5363,No,25,18,2,6,6
E2377,59,No,Non-Travel,Research & Development,9,Other,1,4,Manufacturing Director,2,Divorced,16487,No,22,23,4,1,1
E2378,50,No,Non-Travel,Sales,23,Other,2,2,Sales Representative,4,Married,8087,Yes,13,12,2,0,0
E2379,39,No,Travel_Frequently,Sales,16,Marketing,2,3,Sales Executive,2,Divorced,7701,Yes,22,7,1,4,3
E2380,41,No,Travel_Rarely,Research & Development,24,Marketing,4,3,Research Director,4,Married,10464,No,14,7,4,7,7
E2381,60,No,Travel_Rarely,Research & Development,21,Human Resources,1,1,Manufacturing Director,2,Married,3511,No,16,7,3,4,1
E2382,30,Yes,Non-Travel,Sales,24,Medical,2,1,Manager,2,Single,4147,No,19,6,1,6,0
E2383,32,No,Travel_Rarely,Research & Development,25,Life Sciences,2,2,Manufacturing Director,3,Divorced,7994,No,17,11,4,1,0
E2384,56,No,Travel_Frequently,Human Resources,18,Medical,4,4,Manager,3,Married,15229,No,13,24,1,2,1
E2385,34,Yes,Travel_Frequently,Sales,11,Medical,3,3,Sales Executive,1,Single,7977,Yes,18,8,3,2,2
E2386,28,No,Travel_Rarely,Sales,21,Technical Degree,1,1,Sales Executive,1,Single,2000,No,13,4,2,3,1
E2387,42,Yes,Travel_Rarely,Research & Development,28,Human Resources,4,1,Manufacturing Director,4,Divorced,3629,Yes,21,11,1,9,6
E2388,31,No,Non-Travel,Research & Development,10,Life Sciences,1,1,Research Scientist,1,Single,4892,No,12,3,4,2,1
E2389,56,No,Travel_Frequently,Research & Development,15,Life Sciences,3,5,Research Scientist,2,Single,19454,No,23,30,3,11,8
E2390,57,No,Non-Travel,Sales,26,Life Sciences,2,3,Manager,2,Married,8955,No,25,10,4,2,0
E2391,31,No,Travel_Rarely,Research & Development,18,Other,1,2,Manufacturing Director,2,Divorced,4918,No,22,9,3,0,0
E2392,40,No,Non-Travel,Research & Development,5,Medical,1,3,Research Scientist,2,Married,11092,No,20,16,4,9,1
E2393,60,No,Travel_Frequently,Research & Development,11,Technical Degree,4,4,Laboratory Technician,4,Married,14355,No,17,24,4,2,1
E2394,49,No,Non-Travel,Sales,8,Technical Degree,4,5,Sales Representative,3,Married,19717,Yes,18,25,4,0,0
E2395,27,No,Travel_Rarely,Sales,14,Medical,3,1,Sales Executive,4,Married,4000,No,18,3,3,3,2
E2396,43,No,Travel_Rarely,Sales,29,Other,4,5,Sales Representative,2,Married,17979,No,24,21,1,1,1
E2397,44,No,Travel_Rarely,Research & Development,25,Life Sciences,4,4,Laboratory Technician,2,Single,13193,Yes,12,18,2,1,1
E2398,46,No,Travel_Rarely,Research & Development,28,Technical Degree,2,4,Research Director,3,Married,14438,No,19,21,3,5,5
E2399,19,Yes,Travel_Rarely,Research & Development,22,Marketing,4,1,Research Scientist,1,Single,2560,Yes,19,0,1,0,0
E2400,30,No,Travel_Rarely,Research & Development,15,Human Resources,3,2,Research Director,4,Married,7261,No,14,9,1,0,0
E2401,54,No,Travel_Rarely,Research & Development,20,Medical,1,5,Research Scientist,4,Divorced,20439,Yes,17,33,2,7,0
E2402,28,No,Non-Travel,Human Resources,15,Other,3,1,Manager,1,Divorced,2389,No,18,4,4,2,0
E2403,30,Yes,Travel_Rarely,Research & Development,2,Human Resources,1,2,Research Director,1,Single,6659,Yes,11,9,2,3,0
E2404,31,No,Non-Travel,Research & Development,4,Human Resources,3,1,Laboratory Technician,2,Divorced,2000,No,18,9,4,8,7
E2405,25,No,Non-Travel,Sales,17,Marketing,2,1,Sales Executive,1,Married,2320,Yes,13,3,4,0,0
E2406,24,No,Non-Travel,Human Resources,20,Technical Degree,1,1,Human Resources,1,Single,4316,No,16,5,2,0,0
E2407,32,Yes,Travel_Frequently,Research & Development,8,Medical,3,1,Laboratory Technician,4,Married,4467,Yes,15,6,1,0,0
E2408,55,No,Non-Travel,Sales,1,Life Sciences,2,4,Manager,1,Married,15807,No,22,21,4,4,4
E2409,18,No,Travel_Rarely,Research & Development,3,Human Resources,2,1,Manufacturing Director,2,Married,2000,No,25,0,4,0,0
E2410,30,Yes,Travel_Frequently,Sales,10,Marketing,1,1,Sales Executive,4,Married,3499,Yes,12,3,3,3,3
E2411,20,No,Non-Travel,Research & Development,25,Marketing,1,2,Research Scientist,2,Married,5969,No,14,1,4,1,1
E2412,42,No,Travel_Rarely,Research & Development,13,Medical,4,3,Manufacturing Director,1,Single,11120,No,13,10,1,5,5
E2413,28,No,Travel_Rarely,Sales,29,Technical Degree,3,1,Sales Representative,1,Married,3899,No,18,4,2,4,3
E2414,52,No,Travel_Rarely,Research & Development,26,Technical Degree,2,2,Research Director,1,Married,8123,No,16,10,3,8,3
E2415,43,Yes,Travel_Frequently,Research & Development,25,Human Resources,3,3,Research Director,3,Single,8239,Yes,17,12,1,12,2
E2416,51,No,Travel_Rarely,Research & Development,29,Other,3,5,Manufacturing Director,2,Married,18828,No,12,25,4,1,1
E2417,45,No,Travel_Rarely,Human Resources,8,Other,1,4,Manager,1,Divorced,15871,Yes,24,23,3,4,1
E2418,36,Yes,Non-Travel,Sales,29,Medical,4,1,Sales Representative,2,Married,2818,No,25,2,2,2,1
E2419,55,No,Travel_Rarely,Research & Development,27,Medical,3,3,Laboratory Technician,2,Married,10304,No,24,21,1,0,0
E2420,38,Yes,Travel_Rarely,Human Resources,24,Life Sciences,2,2,Manager,3,Married,6601,No,18,9,1,8,4
E2421,58,No,Travel_Rarely,Research & Development,6,Technical Degree,2,5,Research Scientist,2,Divorced,20682,Yes,21,24,3,18,2
E2422,60,No,Non-Travel,Human Resources,9,Human Resources,1,4,Manager,4,Married,13659,No,11,20,4,0,0
E2423,43,No,Travel_Frequently,Research & Development,19,Medical,2,3,Research Director,2,Divorced,10924,Yes,20,10,1,4,2
E2424,47,No,Travel_Frequently,Research & Development,2,Other,2,2,Laboratory Technician,3,Married,6415,No,20,14,2,3,1
E2425,28,Yes,Travel_Frequently,Research & Development,24,Marketing,1,1,Laboratory Technician,3,Divorced,3288,No,22,5,3,1,0
E2426,53,No,Travel_Rarely,Research & Development,13,Human Resources,3,3,Laboratory Technician,2,Married,9820,Yes,22,18,2,2,1
E2427,46,No,Travel_Rarely,Research & Development,1,Medical,2,2,Research Director,1,Married,5939,Yes,11,14,3,1,1
E2428,56,No,Non-Travel,Research & Development,9,Life Sciences,2,4,Research Scientist,3,Married,16823,No,17,30,3,9,9
E2429,29,Yes,Travel_Frequently,Research & Development,12,Technical Degree,3,2,Laboratory Technician,4,Single,7960,Yes,18,8,4,8,7
E2430,51,No,Travel_Frequently,Human Resources,20,Technical Degree,1,3,Manager,4,Divorced,11135,No,18,12,3,0,0
E2431,38,No,Travel_Rarely,Research & Development,18,Marketing,1,3,Manufacturing Director,4,Divorced,11339,No,19,15,3,12,10
E2432,25,No,Travel_Frequently,Research & Development,11,Marketing,1,1,Laboratory Technician,1,Married,3994,No,21,5,2,5,3
E2433,25,Yes,Travel_Rarely,Human Resources,18,Technical Degree,3,1,Human Resources,2,Married,3071,Yes,19,1,1,1,1
E2434,42,No,Travel_Rarely,Research & Development,26,Technical Degree,3,3,Manufacturing Director,3,Single,10788,Yes,14,14,1,3,2
E2435,31,No,Travel_Frequently,Human Resources,11,Life Sciences,1,1,Manager,3,Married,2000,Yes,20,4,1,4,1
E2436,22,Yes,Travel_Rarely,Sales,11,Human Resources,3,2,Manager,3,Single,7450,No,19,2,4,2,1
E2437,36,Yes,Travel_Frequently,Human Resources,3,Medical,4,1,Human Resources,1,Married,3391,No,13,5,1,1,1
E2438,46,No,Travel_Rarely,Sales,11,Human Resources,1,4,Sales Executive,3,Married,15326,Yes,20,18,2,2,0
E2439,31,No,Travel_Rarely,Sales,9,Marketing,1,2,Sales Representative,3,Divorced,5919,Yes,18,4,3,1,1
E2440,59,Yes,Travel_Frequently,Research & Development,23,Medical,4,4,Manufacturing Director,1,Divorced,14380,No,23,21,3,9,3
E2441,51,No,Non-Travel,Sales,4,Medical,2,5,Sales Executive,3,Single,17521,No,16,29,1,0,0
E2442,40,No,Non-Travel,Sales,18,Other,2,2,Sales Executive,3,Married,6293,No,24,9,4,1,1
E2443,58,No,Travel_Rarely,Human Resources,23,Human Resources,3,5,Human Resources,4,Divorced,18999,No,19,33,2,0,0
E2444,36,Yes,Non-Travel,Research & Development,8,Medical,1,4,Laboratory Technician,4,Single,13677,Yes,25,16,1,8,2
E2445,24,No,Travel_Rarely,Research & Development,2,Technical Degree,2,2,Manufacturing Director,2,Married,5516,No,12,5,1,5,3
E2446,19,Yes,Non-Travel,Research & Development,20,Life Sciences,2,2,Research Scientist,3,Single,6494,No,12,0,4,0,0
E2447,58,No,Travel_Rarely,Human Resources,18,Other,4,5,Manager,3,Married,18602,No,14,31,4,2,0
E2448,59,No,Travel_Rarely,Research & Development,17,Human Resources,3,1,Research Scientist,1,Single,4556,No,23,5,4,2,2
E2449,49,No,Travel_Rarely,Human Resources,26,Human Resources,2,3,Human Resources,4,Single,8160,No,18,13,2,8,0
E2450,22,No,Non-Travel,Research & Development,4,Marketing,3,1,Research Director,1,Married,3592,No,21,3,4,3,2
E2451,30,Yes,Travel_Frequently,Research & Development,6,Life Sciences,2,1,Manufacturing Director,4,Single,2330,No,11,8,2,2,0
E2452,19,No,Travel_Rarely,Human Resources,14,Marketing,2,1,Manager,3,Divorced,3299,No,16,0,1,0,0
E2453,20,Yes,Non-Travel,Sales,17,Technical Degree,3,1,Sales Executive,4,Married,3384,No,16,0,4,0,0
E2454,28,Yes,Travel_Rarely,Sales,27,Medical,2,2,Manager,3,Married,6978,No,24,7,2,0,0
E2455,42,No,Travel_Rarely,Human Resources,18,Marketing,3,2,Human Resources,1,Married,6586,No,12,16,3,12,7
E2456,20,Yes,Travel_Frequently,Human Resources,7,Life Sciences,2,1,Manager,4,Divorced,3233,No,23,0,3,0,0
E2457,60,No,Travel_Rarely,Sales,25,Technical Degree,3,5,Sales Executive,2,Divorced,18283,Yes,16,35,1,6,2
E2458,37,Yes,Non-Travel,Research & Development,13,Medical,2,2,Research Director,2,Single,6271,Yes,22,5,4,0,0
E2459,29,Yes,Travel_Frequently,Human Resources,26,Other,4,1,Human Resources,4,Married,2836,No,15,2,1,2,1
E2460,40,No,Non-Travel,Sales,9,Human Resources,2,2,Manager,1,Married,7341,Yes,11,14,4,0,0
E2461,51,No,Non-Travel,Human Resources,23,Technical Degree,1,5,Human Resources,3,Divorced,18972,No,21,30,2,0,0
E2462,31,Yes,Non-Travel,Human Resources,16,Medical,2,1,Manager,4,Divorced,4338,Yes,13,4,2,2,1
E2463,20,Yes,Travel_Rarely,Sales,17,Human Resources,1,2,Sales Representative,3,Married,5941,No,13,0,2,0,0
E2464,20,No,Travel_Rarely,Research & Development,29,Other,2,1,Research Scientist,3,Married,2275,No,24,0,3,0,0
E2465,54,No,Travel_Rarely,Human Resources,5,Technical Degree,4,5,Human Resources,3,Single,18368,Yes,14,29,1,1,1
E2466,22,Yes,Travel_Rarely,Human Resources,9,Human Resources,1,1,Manager,3,Divorced,2000,Yes,25,1,1,1,1
E2467,45,No,Travel_Frequently,Research & Development,6,Other,1,3,Research Director,1,Married,9700,No,16,14,3,11,5
E2468,34,No,Travel_Rarely,Sales,25,Other,2,2,Manager,3,Married,7958,No,15,15,3,9,5
E2469,51,Yes,Travel_Rarely,Sales,25,Life Sciences,2,1,Sales Representative,4,Single,4262,No,17,3,4,3,2
E2470,20,Yes,Travel_Frequently,Sales,25,Other,1,1,Sales Executive,2,Married,3022,Yes,15,1,4,0,0
E2471,56,Yes,Travel_Frequently,Human Resources,7,Human Resources,3,3,Human Resources,4,Married,8736,Yes,24,20,4,3,3
E2472,48,No,Travel_Rarely,Research & Development,8,Human Resources,3,4,Laboratory Technician,1,Married,16192,Yes,20,23,4,1,0
E2473,37,Yes,Travel_Rarely,Human Resources,12,Medical,3,1,Human Resources,1,Married,2000,Yes,22,7,4,1,1
E2474,26,Yes,Travel_Rarely,Sales,23,Marketing,2,1,Sales Representative,1,Single,2967,No,12,3,2,0,0
E2475,60,No,Non-Travel,Research & Development,22,Other,4,2,Research Director,3,Married,7848,Yes,14,10,4,7,6
E2476,30,No,Travel_Rarely,Sales,29,Other,3,2,Sales Representative,2,Divorced,6146,Yes,19,8,4,0,0
E2477,39,No,Travel_Frequently,Research & Development,23,Life Sciences,4,2,Research Scientist,3,Divorced,5503,No,18,16,3,2,2
E2478,34,No,Travel_Frequently,Human Resources,28,Marketing,1,1,Manager,3,Married,2501,No,25,3,1,2,0
E2479,27,No,Travel_Rarely,Human Resources,8,Technical Degree,3,1,Manager,2,Divorced,3670,No,21,3,1,2,0
E2480,35,No,Travel_Frequently,Human Resources,18,Life Sciences,2,2,Human Resources,2,Single,5542,No,15,14,2,1,1
E2481,24,No,Travel_Rarely,Sales,16,Medical,1,1,Sales Representative,4,Divorced,3742,No,17,0,3,0,0
E2482,18,Yes,Travel_Rarely,Research & Development,5,Technical Degree,1,1,Research Director,4,Divorced,2984,Yes,22,0,3,0,0
E2483,30,No,Non-Travel,Research & Development,28,Technical Degree,1,1,Research Director,2,Single,2860,Yes,17,6,4,0,0
E2484,22,Yes,Travel_Rarely,Human Resources,4,Life Sciences,1,1,Manager,1,Married,2333,No,18,1,3,0,0
E2485,35,No,Travel_Frequently,Research & Development,25,Marketing,2,2,Manufacturing Director,4,Married,7532,No,22,5,3,5,4
E2486,55,Yes,Travel_Frequently,Human Resources,8,Technical Degree,4,4,Human Resources,3,Divorced,14358,No,15,18,4,5,2
E2487,24,No,Travel_Rarely,Research & Development,7,Other,2,1,Manufacturing Director,2,Single,4075,No,12,1,4,1,1
E2488,18,No,Travel_Frequently,Sales,18,Other,1,1,Manager,3,Divorced,2991,No,17,0,3,0,0
E2489,22,Yes,Non-Travel,Sales,14,Medical,3,1,Manager,3,Divorced,2000,No,14,2,3,1,1
E2490,39,Yes,Travel_Rarely,Research & Development,12,Human Resources,1,3,Research Director,1,Married,9272,No,19,12,1,2,2
E2491,29,Yes,Non-Travel,Research & Development,27,Technical Degree,4,1,Research Director,4,Married,3267,No,23,1,3,1,1
E2492,39,No,Travel_Rarely,Research & Development,21,Medical,2,3,Manufacturing Director,3,Married,9532,Yes,22,17,1,5,3
E2493,19,Yes,Travel_Rarely,Human Resources,18,Technical Degree,1,1,Human Resources,1,Single,4307,Yes,21,0,2,0,0
E2494,32,No,Non-Travel,Research & Development,23,Life Sciences,2,2,Laboratory Technician,4,Divorced,8038,No,19,10,3,10,6
E2495,35,No,Non-Travel,Sales,24,Life Sciences,4,1,Sales Executive,4,Single,4444,No,24,6,1,1,1
E2496,36,No,Non-Travel,Research & Development,6,Marketing,4,3,Research Director,4,Single,9810,Yes,24,13,3,4,0
E2497,41,No,Travel_Frequently,Human Resources,13,Medical,2,2,Manager,3,Married,6585,No,22,6,2,5,2
E2498,51,No,Travel_Rarely,Human Resources,27,Life Sciences,4,1,Human Resources,2,Married,4026,No,12,8,3,3,3
E2499,38,No,Travel_Rarely,Research & Development,24,Life Sciences,1,1,Laboratory Technician,3,Single,2857,No,15,10,2,9,3
E2500,54,No,Travel_Frequently,Research & Development,2,Technical Degree,2,2,Research Scientist,3,Divorced,7451,No,25,4,2,4,2
E2501,40,No,Travel_Rarely,Research & Development,8,Life Sciences,2,1,Research Scientist,3,Single,4689,No,12,6,2,0,0
E2502,29,Yes,Travel_Frequently,Sales,8,Human Resources,1,1,Sales Executive,1,Single,2665,Yes,19,7,1,7,4
E2503,27,Yes,Travel_Rarely,Sales,15,Life Sciences,2,1,Sales Executive,2,Married,4890,No,20,7,1,7,1
E2504,31,Yes,Travel_Rarely,Sales,24,Technical Degree,2,2,Sales Executive,2,Divorced,7501,Yes,16,2,4,2,0
E2505,43,No,Travel_Rarely,Sales,15,Life Sciences,3,5,Manager,3,Single,18576,No,21,21,1,4,1
E2506,28,No,Travel_Rarely,Sales,6,Technical Degree,2,2,Manager,2,Married,7912,No,12,7,2,1,0
E2507,57,No,Travel_Rarely,Research & Development,17,Life Sciences,1,5,Manufacturing Director,3,Divorced,17952,Yes,14,32,1,6,0
E2508,38,Yes,Non-Travel,Research & Development,7,Marketing,2,2,Research Scientist,4,Divorced,5068,Yes,15,13,3,7,6
E2509,55,No,Non-Travel,Human Resources,20,Technical Degree,4,4,Manager,2,Single,14428,No,13,24,3,0,0
E2510,47,No,Travel_Frequently,Sales,29,Medical,1,2,Sales Representative,3,Married,7029,No,17,15,2,11,9
E2511,32,No,Travel_Rarely,Human Resources,19,Life Sciences,4,2,Manager,1,Divorced,6040,No,18,9,4,1,1
E2512,27,No,Travel_Rarely,Sales,27,Technical Degree,1,2,Sales Representative,1,Married,8027,No,25,7,2,7,2
E2513,49,No,Non-Travel,Research & Development,16,Technical Degree,1,1,Manufacturing Director,1,Married,2541,No,18,5,3,5,5
E2514,32,No,Non-Travel,Sales,24,Marketing,1,2,Manager,4,Divorced,5634,No,22,5,2,3,0
E2515,28,No,Non-Travel,Sales,28,Life Sciences,2,1,Manager,2,Married,3712,No,12,1,3,1,1
E2516,58,Yes,Travel_Rarely,Research & Development,6,Medical,2,5,Laboratory Technician,3,Single,17664,Yes,11,35,1,5,5
E2517,38,No,Travel_Rarely,Research & Development,20,Medical,4,2,Manufacturing Director,3,Married,7356,Yes,16,9,2,9,8
E2518,20,Yes,Travel_Frequently,Sales,8,Technical Degree,3,1,Manager,1,Married,2811,No,15,1,3,1,0
E2519,39,No,Travel_Rarely,Research & Development,3,Medical,3,4,Laboratory Technician,1,Divorced,16352,No,24,17,4,1,0
E2520,37,No,Travel_Rarely,Research & Development,7,Marketing,4,3,Research Director,4,Divorced,10350,Yes,18,17,2,3,1
E2521,55,No,Travel_Rarely,Research & Development,5,Medical,1,3,Manufacturing Director,4,Married,7753,No,18,8,2,8,8
E2522,48,No,Travel_Rarely,Sales,6,Medical,1,5,Sales Executive,3,Divorced,17494,Yes,23,23,2,8,2
E2523,26,No,Non-Travel,Research & Development,1,Human Resources,4,2,Research Director,2,Single,4999,No,23,6,2,6,3
E2524,24,No,Travel_Rarely,Research & Development,29,Marketing,4,1,Manufacturing Director,2,Divorced,4784,Yes,22,0,4,0,0
E2525,43,Yes,Non-Travel,Research & Development,13,Technical Degree,1,3,Laboratory Technician,4,Single,10364,No,17,18,3,13,5
E2526,20,Yes,Non-Travel,Research & Development,5,Medical,1,1,Research Scientist,1,Married,2947,Yes,14,0,2,0,0
E2527,31,No,Travel_Rarely,Research & Development,10,Life Sciences,2,2,Research Director,1,Married,5472,No,11,8,2,0,0
E2528,23,Yes,Travel_Frequently,Human Resources,22,Human Resources,1,1,Manager,2,Married,4588,Yes,11,2,3,2,1
E2529,18,No,Travel_Rarely,Research & Development,19,Human Resources,3,1,Research Scientist,1,Divorced,2155,No,23,0,3,0,0
E2530,57,No,Non-Travel,Research & Development,2,Life Sciences,3,2,Manufacturing Director,1,Married,7243,No,12,8,2,8,3
E2531,21,No,Travel_Frequently,Sales,5,Other,2,2,Sales Executive,2,Single,7122,Yes,17,0,4,0,0
E2532,18,Yes,Travel_Rarely,Human Resources,16,Other,1,1,Human Resources,4,Married,2481,No,18,0,2,0,0
E2533,58,No,Non-Travel,Human Resources,29,Other,2,5,Manager,3,Married,19017,No,19,25,2,9,7
E2534,26,Yes,Non-Travel,Human Resources,3,Marketing,4,1,Human Resources,2,Married,2350,No,12,3,1,3,2
E2535,53,No,Non-Travel,Research & Development,26,Human Resources,3,1,Manufacturing Director,2,Married,3136,No,18,9,2,9,5
E2536,19,Yes,Travel_Rarely,Research & Development,2,Life Sciences,4,1,Laboratory Technician,2,Single,4828,No,14,0,4,0,0
E2537,24,No,Non-Travel,Research & Development,15,Technical Degree,3,2,Manufacturing Director,2,Married,7036,No,16,4,4,1,0
E2538,22,Yes,Travel_Frequently,Research & Development,7,Life Sciences,1,1,Research Director,4,Single,4493,No,23,2,2,0,0
E2539,48,No,Travel_Frequently,Human Resources,13,Other,1,4,Human Resources,4,Married,15182,No,17,26,1,0,0
E2540,44,Yes,Travel_Rarely,Research & Development,27,Other,1,3,Research Director,4,Married,8527,Yes,17,11,3,0,0
E2541,38,No,Travel_Rarely,Human Resources,7,Life Sciences,3,3,Human Resources,2,Divorced,10385,No,11,16,3,8,3
E2542,28,No,Travel_Frequently,Human Resources,19,Technical Degree,1,1,Human Resources,4,Married,3242,Yes,25,1,4,1,0
E2543,21,No,Travel_Frequently,Human Resources,10,Technical Degree,2,2,Human Resources,3,Married,5149,No,19,2,3,0,0
E2544,42,No,Travel_Rarely,Sales,19,Human Resources,4,5,Sales Executive,4,Married,18574,Yes,22,22,1,0,0
E2545,27,Yes,Travel_Rarely,Human Resources,2,Marketing,1,2,Human Resources,1,Married,6952,Yes,17,7,4,1,1
E2546,43,No,Travel_Rarely,Research & Development,9,Other,1,3,Laboratory Technician,4,Single,10384,No,14,14,3,0,0
E2547,47,No,Travel_Rarely,Human Resources,28,Marketing,2,5,Manager,4,Married,17821,No,15,18,4,10,10
E2548,54,No,Non-Travel,Sales,21,Medical,4,2,Sales Representative,4,Divorced,8076,Yes,11,14,1,3,0
E2549,39,Yes,Travel_Frequently,Human Resources,28,Human Resources,4,2,Manager,3,Single,6338,No,24,14,2,2,0
E2550,18,No,Travel_Rarely,Research & Development,20,Technical Degree,2,1,Research Scientist,2,Divorced,2399,No,18,0,2,0,0
E2551,30,No,Travel_Frequently,Human Resources,6,Life Sciences,2,2,Human Resources,1,Married,5573,No,16,11,2,0,0
E2552,54,No,Travel_Rarely,Sales,14,Technical Degree,3,4,Sales Representative,1,Married,15785,No,21,18,4,2,2
E2553,40,No,Travel_Rarely,Research & Development,26,Medical,4,1,Research Director,4,Married,2810,Yes,12,3,1,3,1
E2554,44,No,Non-Travel,Sales,20,Other,1,3,Manager,1,Divorced,9542,Yes,18,15,1,1,0
E2555,37,Yes,Travel_Rarely,Research & Development,16,Other,4,1,Research Scientist,2,Married,2350,No,17,3,1,0,0
E2556,24,Yes,Travel_Rarely,Research & Development,26,Marketing,4,1,Laboratory Technician,2,Divorced,3891,Yes,24,1,4,1,0
E2557,56,No,Travel_Rarely,Sales,4,Other,2,4,Sales Representative,3,Married,15544,No,22,14,1,1,0
E2558,51,No,Travel_Frequently,Human Resources,28,Other,3,4,Manager,2,Single,14358,No,22,23,3,0,0
E2559,60,No,Travel_Frequently,Research & Development,4,Human Resources,3,1,Research Scientist,1,Married,5158,No,14,10,1,4,2
E2560,54,Yes,Non-Travel,Research & Development,29,Technical Degree,1,1,Laboratory Technician,2,Single,2000,Yes,18,8,2,3,3
E2561,30,No,Non-Travel,Research & Development,24,Other,2,1,Research Director,2,Single,2000,No,25,1,3,1,0
E2562,28,Yes,Travel_Frequently,Sales,15,Other,1,1,Sales Representative,1,Single,3831,No,11,8,1,8,6
E2563,28,Yes,Travel_Rarely,Research & Development,14,Marketing,1,1,Research Director,2,Married,4145,Yes,20,6,1,0,0
E2564,57,Yes,Travel_Rarely,Sales,1,Life Sciences,2,2,Sales Representative,3,Single,5527,Yes,16,5,3,5,1
E2565,41,Yes,Non-Travel,Research & Development,10,Technical Degree,3,1,Manufacturing Director,2,Married,3469,Yes,22,2,1,2,2
E2566,37,No,Travel_Frequently,Human Resources,7,Marketing,3,2,Human Resources,2,Married,5964,No,18,10,2,8,6
E2567,59,Yes,Travel_Rarely,Research & Development,21,Marketing,1,2,Research Director,4,Single,6909,No,21,13,3,6,3
E2568,43,No,Travel_Frequently,Research & Development,6,Medical,4,4,Research Scientist,2,Married,15158,No,14,15,1,10,2
E2569,57,No,Travel_Rarely,Research & Development,24,Human Resources,1,3,Research Director,4,Divorced,11375,Yes,24,18,1,11,0
E2570,60,No,Travel_Rarely,Human Resources,9,Other,2,5,Manager,3,Divorced,19245,No,23,35,2,8,6
E2571,21,Yes,Travel_Rarely,Human Resources,25,Technical Degree,3,1,Manager,3,Single,3759,Yes,20,1,3,1,1
E2572,33,Yes,Non-Travel,Research & Development,11,Medical,4,2,Research Director,2,Married,6873,Yes,17,10,1,7,3
E2573,49,Yes,Travel_Rarely,Research & Development,22,Life Sciences,4,2,Manufacturing Director,4,Married,5721,Yes,13,4,2,4,1
E2574,52,No,Non-Travel,Human Resources,20,Human Resources,1,5,Manager,2,Married,18376,No,14,31,4,5,4
E2575,24,Yes,Travel_Rarely,Research & Development,29,Life Sciences,2,1,Research Scientist,3,Married,5108,No,16,5,2,2,0
E2576,31,No,Travel_Rarely,Research & Development,16,Life Sciences,4,1,Research Scientist,1,Divorced,2534,No,22,9,2,0,0
E2577,41,No,Travel_Frequently,Research & Development,11,Medical,1,3,Research Scientist,2,Married,10456,No,25,11,3,4,3
E2578,52,No,Travel_Rarely,Sales,19,Medical,4,3,Sales Executive,3,Divorced,8123,Yes,20,9,2,9,2
E2579,22,No,Non-Travel,Research & Development,1,Marketing,3,1,Research Director,4,Divorced,4385,No,25,3,2,0,0
E2580,43,No,Travel_Frequently,Research & Development,29,Medical,3,3,Research Scientist,4,Divorced,8620,Yes,13,18,4,0,0
E2581,30,No,Travel_Rarely,Research & Development,20,Medical,3,2,Research Scientist,1,Divorced,7955,No,22,3,1,3,2
E2582,27,No,Travel_Rarely,Human Resources,2,Human Resources,4,2,Manager,1,Divorced,7011,No,18,4,3,3,3
E2583,40,Yes,Non-Travel,Human Resources,6,Human Resources,3,2,Human Resources,4,Married,5165,Yes,13,10,2,10,6
E2584,35,Yes,Non-Travel,Human Resources,1,Medical,2,2,Manager,4,Divorced,7396,Yes,21,13,4,2,0
E2585,45,Yes,Travel_Frequently,Research & Development,20,Marketing,3,3,Research Director,1,Divorced,10083,Yes,24,18,3,1,0
E2586,31,No,Travel_Rarely,Research & Development,20,Human Resources,3,2,Manufacturing Director,4,Married,5951,Yes,17,8,4,2,1
E2587,53,No,Travel_Frequently,Research & Development,5,Other,3,5,Research Director,4,Married,18043,No,14,22,1,5,1
E2588,21,Yes,Travel_Rarely,Sales,16,Human Resources,1,1,Manager,4,Divorced,3966,Yes,15,0,1,0,0
E2589,55,No,Travel_Rarely,Research & Development,15,Technical Degree,4,4,Research Scientist,1,Single,15445,No,20,15,4,5,1
E2590,19,No,Travel_Frequently,Sales,14,Other,2,1,Sales Executive,4,Single,2595,No,21,0,2,0,0
E2591,49,No,Travel_Rarely,Research & Development,18,Human Resources,3,4,Laboratory Technician,2,Divorced,16237,No,14,23,4,7,1
E2592,32,Yes,Non-Travel,Research & Development,25,Human Resources,3,1,Manufacturing Director,3,Married,2631,No,21,6,3,4,4
E2593,34,No,Non-Travel,Research & Development,27,Life Sciences,1,2,Research Director,2,Married,4975,No,22,7,2,0,0
E2594,18,Yes,Travel_Rarely,Sales,5,Technical Degree,4,1,Sales Executive,1,Married,3550,Yes,11,0,1,0,0
E2595,48,Yes,Non-Travel,Human Resources,28,Medical,1,1,Human Resources,3,Married,2145,Yes,16,8,1,1,0
E2596,25,Yes,Non-Travel,Sales,17,Technical Degree,4,1,Sales Executive,1,Single,2578,No,14,4,3,3,3
E2597,46,No,Travel_Rarely,Research & Development,6,Technical Degree,4,2,Laboratory Technician,2,Married,6545,No,22,8,1,6,6
E2598,49,No,Travel_Rarely,Sales,28,Life Sciences,3,2,Manager,1,Single,5612,No,20,4,1,3,1
E2599,54,No,Non-Travel,Sales,11,Marketing,4,5,Sales Representative,4,Married,18082,Yes,19,27,1,0,0
E2600,48,No,Travel_Rarely,Research & Development,13,Technical Degree,4,2,Research Director,2,Single,7391,No,14,12,4,4,4
E2601,30,No,Travel_Rarely,Human Resources,29,Life Sciences,4,2,Human Resources,1,Divorced,6564,No,18,5,3,0,0
E2602,49,No,Travel_Frequently,Human Resources,17,Other,4,3,Human Resources,4,Married,10749,No,25,14,3,3,1
E2603,53,No,Non-Travel,Research & Development,5,Other,4,5,Research Director,3,Married,19364,Yes,25,27,3,10,6
E2604,31,Yes,Travel_Rarely,Research & Development,3,Life Sciences,4,1,Research Scientist,1,Single,3302,Yes,13,4,3,4,2
E2605,23,Yes,Non-Travel,Research & Development,24,Life Sciences,4,2,Research Scientist,2,Single,5484,No,18,3,2,0,0
E2606,56,No,Travel_Frequently,Sales,11,Life Sciences,1,5,Sales Representative,3,Married,20382,No,22,34,2,1,1
E2607,24,Yes,Travel_Rarely,Research & Development,3,Marketing,2,1,Research Scientist,4,Divorced,2259,Yes,15,3,3,3,0
E2608,43,No,Travel_Rarely,Research & Development,2,Technical Degree,2,2,Research Scientist,4,Divorced,5738,Yes,25,11,4,9,3
E2609,28,No,Travel_Frequently,Sales,28,Medical,4,1,Sales Representative,4,Married,4676,No,17,7,4,7,5
E2610,23,No,Travel_Rarely,Research & Development,17,Other,2,2,Manufacturing Director,1,Married,7124,No,16,2,3,1,0
E2611,51,No,Travel_Rarely,Research & Development,16,Medical,2,3,Manufacturing Director,2,Married,9955,No,25,14,4,0,0
E2612,24,No,Travel_Rarely,Research & Development,18,Medical,4,1,Manufacturing Director,1,Married,2000,No,20,3,4,1,0
E2613,46,Yes,Travel_Frequently,Sales,13,Technical Degree,3,1,Sales Executive,2,Married,2295,Yes,11,10,3,6,5
E2614,47,Yes,Non-Travel,Research & Development,28,Other,3,2,Laboratory Technician,2,Single,6400,Yes,12,5,4,1,0
E2615,20,Yes,Travel_Rarely,Research & Development,18,Medical,4,1,Laboratory Technician,2,Married,4062,No,25,0,1,0,0
E2616,25,Yes,Non-Travel,Sales,19,Marketing,4,2,Sales Executive,1,Divorced,6114,No,20,1,1,0,0
E2617,52,No,Travel_Frequently,Research & Development,26,Marketing,3,3,Manufacturing Director,2,Married,7911,Yes,24,15,2,0,0
E2618,39,No,Travel_Rarely,Sales,1,Marketing,4,3,Sales Executive,2,Single,8375,No,25,12,1,2,2
E2619,23,No,Travel_Frequently,Research & Development,10,Marketing,1,2,Manufacturing Director,4,Married,6671,Yes,22,4,2,4,1
E2620,60,Yes,Travel_Rarely,Sales,25,Other,3,1,Manager,2,Married,4080,Yes,25,5,1,1,1
E2621,29,Yes,Non-Travel,Sales,3,Life Sciences,1,1,Sales Representative,1,Married,2000,No,25,6,4,4,0
E2622,18,No,Non-Travel,Sales,10,Marketing,4,2,Sales Representative,3,Married,4602,Yes,17,0,3,0,0
E2623,57,No,Non-Travel,Research & Development,5,Medical,1,1,Laboratory Technician,2,Married,2525,Yes,20,4,1,1,0
E2624,18,No,Travel_Rarely,Research & Development,21,Technical Degree,3,1,Manufacturing Director,1,Divorced,2000,No,23,0,3,0,0
E2625,41,Yes,Travel_Rarely,Sales,25,Human Resources,4,1,Manager,3,Married,3507,No,25,4,3,2,2
E2626,60,No,Non-Travel,Research & Development,8,Other,3,3,Laboratory Technician,3,Divorced,8123,No,23,11,2,6,2
E2627,42,Yes,Non-Travel,Research & Development,20,Marketing,1,1,Research Scientist,2,Single,4039,No,23,8,4,1,0
E2628,43,Yes,Travel_Frequently,Sales,23,Medical,2,3,Manager,1,Divorced,10410,Yes,15,11,4,4,0
E2629,34,Yes,Travel_Rarely,Human Resources,27,Other,4,1,Manager,2,Married,5167,No,17,8,4,2,0
E2630,23,No,Non-Travel,Sales,27,Life Sciences,4,1,Sales Executive,2,Married,4769,No,23,0,1,0,0
E2631,42,Yes,Travel_Rarely,Human Resources,14,Life Sciences,4,1,Manager,4,Single,2607,Yes,12,5,2,0,0
E2632,56,No,Travel_Rarely,Sales,3,Other,4,2,Sales Executive,1,Married,4793,No,13,6,4,2,0
E2633,21,No,Travel_Rarely,Research & Development,22,Other,2,1,Manufacturing Director,1,Single,2643,No,22,1,2,1,1
E2634,55,No,Travel_Rarely,Research & Development,16,Technical Degree,4,2,Manufacturing Director,4,Married,7490,No,25,14,2,6,0
E2635,35,Yes,Travel_Rarely,Sales,14,Medical,1,1,Sales Executive,4,Single,2019,No,17,9,2,1,1
E2636,41,No,Travel_Rarely,Human Resources,16,Other,2,2,Manager,3,Single,5949,No,23,6,2,2,1
E2637,25,No,Travel_Frequently,Research & Development,19,Other,2,1,Research Scientist,2,Single,2493,No,16,0,3,0,0
E2638,44,No,Travel_Rarely,Research & Development,9,Other,2,4,Laboratory Technician,1,Married,13938,Yes,18,23,1,12,10
E2639,25,No,Travel_Rarely,Research & Development,10,Human Resources,4,1,Manufacturing Director,4,Divorced,3961,No,25,1,4,0,0
E2640,29,No,Travel_Rarely,Sales,10,Technical Degree,4,2,Sales Representative,3,Divorced,6837,No,16,2,3,2,2
E2641,49,No,Travel_Frequently,Sales,15,Marketing,4,2,Manager,2,Single,6564,No,24,6,1,6,5
E2642,20,No,Non-Travel,Research & Development,20,Marketing,4,1,Research Director,2,Divorced,4678,No,25,1,4,1,1
E2643,37,Yes,Non-Travel,Research & Development,2,Technical Degree,1,3,Research Director,1,Married,8051,Yes,22,11,3,3,3
E2644,43,No,Travel_Rarely,Sales,9,Marketing,4,3,Sales Executive,4,Married,8374,Yes,12,15,2,6,1
E2645,23,No,Travel_Frequently,Research & Development,22,Other,4,1,Research Scientist,1,Divorced,2952,No,25,4,2,1,0
E2646,30,No,Travel_Rarely,Research & Development,1,Life Sciences,3,1,Research Scientist,4,Single,3826,No,18,2,3,2,2
E2647,32,Yes,Travel_Rarely,Research & Development,24,Life Sciences,1,2,Manufacturing Director,1,Single,6974,Yes,15,12,1,11,3
E2648,46,No,Travel_Rarely,Sales,23,Marketing,3,1,Sales Representative,1,Single,2000,No,18,7,3,0,0
E2649,59,No,Travel_Frequently,Sales,10,Medical,3,5,Manager,1,Single,20604,No,17,25,3,3,0
E2650,53,No,Travel_Rarely,Research & Development,19,Human Resources,1,2,Laboratory Technician,2,Married,6118,No,16,15,2,2,1
E2651,26,Yes,Travel_Frequently,Research & Development,15,Other,1,1,Research Scientist,1,Single,2826,Yes,21,3,2,3,1
E2652,18,Yes,Travel_Frequently,Sales,8,Other,4,1,Sales Representative,2,Single,3633,No,12,0,3,0,0
E2653,20,No,Non-Travel,Sales,5,Marketing,1,1,Sales Representative,4,Married,4758,No,20,0,3,0,0
E2654,43,No,Travel_Rarely,Research & Development,28,Other,2,4,Manufacturing Director,3,Married,15489,No,14,23,2,10,9
E2655,24,No,Non-Travel,Research & Development,25,Life Sciences,3,1,Laboratory Technician,2,Divorced,4872,Yes,22,2,4,2,0
E2656,27,No,Non-Travel,Sales,27,Other,4,2,Sales Representative,1,Single,5307,No,25,5,4,4,0
E2657,54,No,Travel_Frequently,Research & Development,5,Medical,2,5,Research Director,1,Married,19736,No,18,33,2,1,1
E2658,55,No,Non-Travel,Research & Development,28,Life Sciences,1,1,Manufacturing Director,3,Single,4551,No,23,5,3,5,1
E2659,54,No,Travel_Rarely,Sales,19,Human Resources,4,5,Manager,2,Divorced,19272,No,15,31,4,1,1
E2660,28,No,Travel_Rarely,Research & Development,15,Technical Degree,4,2,Laboratory Technician,4,Married,5918,Yes,23,5,1,5,4
E2661,44,No,Travel_Rarely,Research & Development,10,Marketing,4,3,Research Scientist,2,Divorced,11417,No,19,18,3,4,1
E2662,44,Yes,Non-Travel,Sales,7,Medical,2,2,Manager,2,Divorced,5143,Yes,18,5,4,5,1
E2663,25,Yes,Travel_Rarely,Research & Development,10,Marketing,3,1,Laboratory Technician,3,Married,3008,Yes,12,3,1,3,0
E2664,41,No,Travel_Rarely,Research & Development,6,Technical Degree,1,2,Research Scientist,4,Married,8107,No,20,15,2,1,0
E2665,40,Yes,Travel_Frequently,Human Resources,23,Life Sciences,3,3,Human Resources,4,Married,10802,Yes,22,10,4,2,1
E2666,35,No,Travel_Rarely,Research & Development,28,Other,3,1,Laboratory Technician,1,Married,5001,No,18,3,4,1,0
E2667,50,Yes,Travel_Frequently,Sales,29,Human Resources,3,1,Sales Executive,2,Married,4907,No,13,9,4,9,9
E2668,47,No,Non-Travel,Human Resources,26,Other,3,5,Manager,4,Married,17348,No,21,23,3,6,5
E2669,40,Yes,Travel_Rarely,Human Resources,4,Life Sciences,4,1,Manager,4,Married,4784,Yes,20,2,1,2,0
E2670,49,No,Non-Travel,Human Resources,22,Other,4,4,Human Resources,4,Divorced,14589,No,23,21,1,4,2
E2671,50,No,Travel_Frequently,Research & Development,25,Other,1,5,Research Scientist,1,Married,19731,No,25,30,4,5,2
E2672,42,No,Travel_Rarely,Human Resources,15,Marketing,3,1,Human Resources,2,Married,2910,No,14,2,3,2,1
E2673,29,No,Non-Travel,Research & Development,17,Technical Degree,3,1,Research Director,4,Married,4378,Yes,15,2,1,1,1
E2674,50,No,Travel_Rarely,Research & Development,12,Technical Degree,3,3,Laboratory Technician,1,Married,10106,Yes,25,21,1,0,0
E2675,48,No,Travel_Rarely,Research & Development,24,Human Resources,3,2,Research Scientist,3,Single,7569,No,12,4,1,4,1
E2676,60,No,Travel_Rarely,Sales,21,Medical,1,5,Manager,3,Married,17928,Yes,24,25,4,4,0
E2677,24,Yes,Non-Travel,Human Resources,19,Other,2,2,Manager,3,Married,5257,No,13,4,4,4,0
E2678,36,No,Travel_Frequently,Human Resources,1,Technical Degree,4,3,Human Resources,3,Married,9191,Yes,17,10,4,0,0
E2679,57,Yes,Travel_Frequently,Human Resources,28,Life Sciences,1,4,Manager,1,Single,12907,Yes,13,16,1,1,1
E2680,40,No,Travel_Frequently,Research & Development,16,Medical,4,3,Manufacturing Director,1,Married,10275,No,25,15,3,2,1
E2681,58,No,Travel_Rarely,Human Resources,28,Life Sciences,1,4,Human Resources,2,Married,14246,No,18,24,4,3,3
E2682,18,Yes,Travel_Rarely,Sales,20,Human Resources,4,1,Manager,4,Divorced,3401,No,24,0,3,0,0
E2683,19,No,Travel_Rarely,Research & Development,16,Marketing,1,1,Laboratory Technician,4,Married,2000,No,11,0,4,0,0
E2684,52,No,Non-Travel,Research & Development,22,Marketing,1,5,Manufacturing Director,4,Divorced,17967,No,11,28,3,8,7
E2685,33,No,Travel_Rarely,Research & Development,8,Marketing,3,3,Research Scientist,1,Married,9830,No,18,10,1,1,0
E2686,40,Yes,Travel_Frequently,Human Resources,14,Human Resources,4,1,Human Resources,4,Divorced,2960,Yes,11,11,2,11,1
E2687,36,No,Non-Travel,Research & Development,1,Other,1,2,Research Director,3,Single,5442,No,19,6,2,6,6
E2688,35,No,Travel_Rarely,Sales,22,Other,2,1,Manager,2,Divorced,2331,No,21,2,1,2,1
E2689,58,No,Travel_Rarely,Human Resources,10,Other,2,3,Human Resources,3,Married,8482,No,18,12,3,12,12
E2690,22,No,Non-Travel,Research & Development,3,Medical,4,1,Research Scientist,2,Single,3630,No,22,0,4,0,0
E2691,51,No,Travel_Rarely,Research & Development,24,Technical Degree,2,5,Manufacturing Director,2,Single,18037,No,12,30,1,2,2
E2692,56,No,Travel_Frequently,Research & Development,7,Technical Degree,1,3,Research Director,1,Married,8919,No,14,10,2,5,1
E2693,46,No,Non-Travel,Research & Development,7,Medical,4,5,Manufacturing Director,3,Married,19538,No,13,22,3,6,2
E2694,34,No,Travel_Rarely,Research & Development,5,Other,1,2,Manufacturing Director,2,Single,6368,No,18,3,2,3,3
E2695,24,No,Travel_Rarely,Human Resources,18,Other,2,2,Human Resources,4,Divorced,6620,No,16,2,1,2,1
E2696,47,No,Travel_Frequently,Research & Development,10,Other,1,2,Research Scientist,1,Married,5848,No,19,13,1,7,5
E2697,38,Yes,Travel_Frequently,Sales,17,Other,2,2,Manager,2,Married,7995,Yes,13,7,1,0,0
E2698,24,No,Non-Travel,Sales,10,Life Sciences,4,1,Manager,1,Married,3059,No,17,4,4,2,2
E2699,33,Yes,Travel_Frequently,Sales,22,Life Sciences,1,3,Sales Representative,1,Married,8774,Yes,22,13,2,8,0
E2700,59,No,Non-Travel,Sales,11,Human Resources,3,5,Sales Representative,3,Married,20775,No,12,34,4,3,0
E2701,29,Yes,Travel_Rarely,Research & Development,23,Human Resources,3,1,Research Scientist,4,Divorced,3824,No,22,2,3,2,2
E2702,25,Yes,Travel_Rarely,Sales,14,Marketing,3,1,Sales Representative,1,Married,3799,Yes,14,5,2,5,3
E2703,47,No,Travel_Rarely,Human Resources,1,Life Sciences,1,2,Human Resources,1,Divorced,7794,Yes,24,6,4,3,1
E2704,26,Yes,Travel_Frequently,Research & Development,13,Medical,2,1,Laboratory Technician,1,Divorced,2000,No,23,7,2,6,0
E2705,57,No,Travel_Rarely,Research & Development,8,Life Sciences,1,5,Research Scientist,4,Married,20022,No,17,21,1,1,0
E2706,54,No,Non-Travel,Sales,15,Life Sciences,4,3,Sales Representative,3,Married,10143,No,12,13,4,3,3
E2707,60,Yes,Non-Travel,Human Resources,4,Medical,4,1,Human Resources,2,Single,3070,Yes,16,9,3,0,0
E2708,57,No,Non-Travel,Research & Development,22,Technical Degree,2,1,Manufacturing Director,3,Divorced,2507,No,20,4,2,4,3
E2709,28,No,Non-Travel,Human Resources,19,Technical Degree,3,1,Manager,1,Divorced,2000,No,16,3,3,1,0
E2710,27,No,Travel_Rarely,Research & Development,5,Marketing,1,1,Research Director,4,Divorced,5024,No,20,7,4,7,1
E2711,32,Yes,Travel_Frequently,Sales,29,Technical Degree,4,3,Sales Executive,1,Married,8147,Yes,23,10,2,10,6
E2712,38,No,Travel_Frequently,Human Resources,11,Human Resources,4,3,Human Resources,3,Divorced,8878,No,25,18,4,3,3
E2713,55,No,Travel_Frequently,Research & Development,7,Life Sciences,1,1,Research Scientist,1,Divorced,4109,No,16,6,4,6,2
E2714,49,No,Non-Travel,Sales,1,Medical,3,4,Sales Representative,1,Single,15456,No,25,18,4,3,1
E2715,45,No,Travel_Frequently,Research & Development,8,Medical,1,1,Research Scientist,3,Married,2333,No,14,8,1,8,4
E2716,55,No,Travel_Rarely,Sales,1,Life Sciences,3,5,Manager,3,Married,19899,No,25,20,1,8,0
E2717,45,No,Non-Travel,Sales,15,Life Sciences,3,3,Manager,2,Married,9436,No,13,10,1,4,1
E2718,34,Yes,Travel_Rarely,Human Resources,18,Human Resources,2,1,Manager,3,Married,4620,Yes,19,5,3,5,3
E2719,35,No,Travel_Rarely,Research & Development,11,Other,2,2,Research Scientist,4,Married,5115,Yes,21,9,2,8,0
E2720,40,No,Travel_Frequently,Research & Development,26,Life Sciences,3,1,Laboratory Technician,2,Divorced,2000,No,11,5,4,3,2
E2721,21,No,Non-Travel,Sales,29,Human Resources,1,1,Sales Representative,4,Divorced,3719,Yes,17,1,1,1,0
E2722,49,Yes,Travel_Frequently,Human Resources,9,Medical,1,3,Human Resources,1,Single,8575,No,15,20,2,0,0
E2723,46,No,Travel_Rarely,Research & Development,19,Life Sciences,2,2,Laboratory Technician,4,Married,6487,No,23,5,2,1,1
E2724,49,No,Travel_Frequently,Sales,12,Medical,2,4,Manager,4,Married,13379,No,18,27,4,11,10
E2725,40,Yes,Travel_Frequently,Human Resources,8,Other,2,3,Manager,2,Married,10420,Yes,12,11,1,1,1
E2726,51,No,Travel_Rarely,Sales,7,Marketing,2,4,Sales Executive,1,Married,16438,Yes,11,26,2,0,0
E2727,58,No,Travel_Frequently,Research & Development,16,Human Resources,1,4,Laboratory Technician,2,Divorced,16226,No,11,26,4,0,0
E2728,42,No,Non-Travel,Research & Development,5,Marketing,3,3,Research Scientist,2,Married,11244,No,11,16,4,6,2
E2729,37,No,Non-Travel,Research & Development,20,Marketing,4,3,Laboratory Technician,3,Married,10931,Yes,18,13,4,10,0
E2730,22,No,Travel_Rarely,Research & Development,26,Human Resources,2,2,Manufacturing Director,1,Divorced,6124,No,15,3,3,0,0
E2731,51,Yes,Travel_Frequently,Research & Development,11,Other,3,3,Manufacturing Director,1,Married,9444,Yes,14,20,1,7,0
E2732,56,Yes,Non-Travel,Research & Development,17,Technical Degree,1,1,Laboratory Technician,4,Single,5067,Yes,16,12,1,12,5
E2733,48,Yes,Travel_Frequently,Research & Development,29,Other,2,1,Research Scientist,4,Married,4894,No,17,5,2,5,3
E2734,55,No,Travel_Rarely,Research & Development,21,Life Sciences,2,4,Research Scientist,3,Married,16535,No,19,22,2,1,1
E2735,55,No,Travel_Rarely,Sales,12,Other,4,2,Sales Executive,4,Married,7339,No,18,5,3,5,2
E2736,52,No,Travel_Rarely,Research & Development,26,Medical,2,3,Research Scientist,4,Married,8357,No,24,10,1,0,0
E2737,39,No,Travel_Frequently,Research & Development,2,Medical,3,2,Research Scientist,4,Married,7877,No,16,3,3,0,0
E2738,22,No,Non-Travel,Sales,18,Other,1,1,Manager,4,Married,4845,Yes,16,2,2,0,0
E2739,18,No,Travel_Frequently,Human Resources,8,Marketing,4,1,Manager,1,Married,3781,No,17,0,1,0,0
E2740,26,Yes,Non-Travel,Sales,6,Medical,3,2,Manager,4,Single,7610,Yes,11,4,4,4,1
E2741,36,No,Travel_Frequently,Research & Development,15,Life Sciences,1,2,Manufacturing Director,4,Single,6934,No,22,13,2,6,5
E2742,49,No,Travel_Rarely,Research & Development,21,Medical,2,5,Laboratory Technician,1,Married,20514,No,19,24,1,12,0
E2743,37,Yes,Travel_Frequently,Sales,22,Human Resources,3,1,Manager,1,Divorced,2019,No,16,6,2,0,0
E2744,18,Yes,Travel_Rarely,Sales,22,Life Sciences,2,1,Sales Executive,2,Married,4474,Yes,16,0,4,0,0
E2745,27,No,Travel_Rarely,Research & Development,9,Other,4,2,Manufacturing Director,4,Single,4844,No,18,5,4,5,2
E2746,60,No,Travel_Frequently,Human Resources,13,Human Resources,3,3,Manager,4,Divorced,9277,No,24,21,1,2,1
E2747,60,No,Travel_Frequently,Human Resources,4,Medical,3,5,Manager,3,Married,17804,No,16,27,3,0,0
E2748,34,No,Non-Travel,Sales,18,Human Resources,2,1,Sales Executive,4,Married,3287,No,17,4,3,4,4
E2749,52,No,Travel_Rarely,Sales,24,Technical Degree,4,5,Sales Representative,1,Divorced,18303,No,13,31,4,9,5
E2750,48,Yes,Travel_Rarely,Human Resources,15,Marketing,3,1,Manager,4,Divorced,4982,No,15,5,4,1,0
E2751,58,No,Travel_Rarely,Research & Development,10,Technical Degree,3,5,Research Scientist,4,Single,19488,No,22,32,3,8,4
E2752,56,No,Non-Travel,Sales,10,Life Sciences,3,4,Sales Representative,4,Single,16272,No,21,22,3,2,2
E2753,45,No,Non-Travel,Human Resources,19,Other,3,1,Human Resources,2,Married,2743,No,23,8,2,8,4
E2754,34,No,Travel_Rarely,Research & Development,20,Human Resources,4,3,Research Scientist,3,Divorced,7781,No,18,11,4,0,0
E2755,44,Yes,Non-Travel,Research & Development,14,Medical,1,2,Research Director,2,Divorced,7325,No,24,4,4,2,1
E2756,31,No,Travel_Frequently,Research & Development,8,Life Sciences,3,2,Laboratory Technician,2,Married,7268,No,19,9,4,0,0
E2757,32,Yes,Travel_Rarely,Research & Development,12,Marketing,1,1,Research Scientist,4,Single,3679,No,12,8,4,5,1
E2758,44,No,Travel_Rarely,Human Resources,10,Marketing,2,1,Human Resources,3,Married,4504,No,13,5,3,5,5
E2759,42,No,Travel_Frequently,Research & Development,3,Human Resources,2,2,Research Scientist,4,Married,7550,No,18,4,4,4,1
E2760,42,No,Travel_Rarely,Sales,12,Other,1,4,Manager,2,Married,14988,No,16,17,4,3,0
E2761,34,No,Travel_Rarely,Human Resources,25,Life Sciences,3,1,Manager,1,Married,5031,No,12,5,1,3,2
E2762,35,No,Non-Travel,Human Resources,18,Medical,2,3,Human Resources,1,Single,10329,No,11,14,1,10,9
E2763,18,No,Travel_Rarely,Sales,4,Technical Degree,2,1,Sales Executive,3,Divorced,3819,No,20,0,4,0,0
E2764,43,No,Travel_Rarely,Human Resources,25,Marketing,4,3,Manager,2,Single,9195,Yes,22,17,2,0,0
E2765,42,Yes,Non-Travel,Sales,7,Other,2,1,Manager,2,Divorced,2000,Yes,14,8,4,1,1
E2766,58,No,Non-Travel,Research & Development,18,Technical Degree,1,5,Research Director,1,Divorced,18213,Yes,14,28,2,7,2
E2767,39,No,Non-Travel,Sales,17,Medical,4,3,Manager,4,Married,10684,No,19,19,2,6,2
E2768,38,No,Travel_Rarely,Research & Development,22,Human Resources,1,1,Research Director,1,Divorced,4055,No,12,3,4,2,1
E2769,20,Yes,Non-Travel,Research & Development,23,Marketing,4,1,Laboratory Technician,3,Divorced,2609,No,23,0,3,0,0
E2770,26,No,Travel_Rarely,Sales,9,Marketing,3,1,Manager,2,Single,3720,Yes,19,2,3,0,0
E2771,32,No,Travel_Rarely,Research & Development,23,Human Resources,2,1,Research Director,4,Married,2374,No,16,6,2,0,0
E2772,34,No,Non-Travel,Research & Development,18,Marketing,3,2,Research Scientist,3,Married,5813,No,19,11,3,0,0
E2773,33,No,Travel_Rarely,Human Resources,11,Human Resources,4,2,Human Resources,1,Divorced,8046,No,13,7,2,6,1
E2774,34,Yes,Travel_Frequently,Sales,4,Marketing,4,2,Sales Representative,3,Married,6256,Yes,15,9,4,0,0
E2775,51,No,Travel_Rarely,Sales,17,Technical Degree,2,2,Manager,1,Married,5787,Yes,18,12,2,1,1
E2776,23,Yes,Travel_Rarely,Human Resources,14,Marketing,1,2,Manager,3,Married,6195,Yes,25,1,1,0,0
E2777,32,Yes,Non-Travel,Sales,14,Technical Degree,1,1,Sales Executive,1,Single,2965,No,23,4,3,0,0
E2778,25,Yes,Travel_Frequently,Sales,21,Marketing,4,1,Sales Representative,3,Married,4203,No,20,5,4,3,2
E2779,31,Yes,Non-Travel,Human Resources,21,Life Sciences,3,3,Manager,2,Married,10897,Yes,16,7,4,7,7
E2780,47,Yes,Travel_Rarely,Research & Development,6,Medical,3,3,Research Scientist,2,Divorced,9801,No,24,12,1,5,1
E2781,20,Yes,Non-Travel,Human Resources,9,Marketing,3,1,Manager,4,Divorced,3559,Yes,12,1,4,1,0
E2782,32,No,Non-Travel,Sales,27,Medical,4,2,Sales Executive,2,Married,5807,No,15,2,2,2,0
E2783,19,Yes,Non-Travel,Research & Development,18,Marketing,3,1,Research Scientist,1,Single,3426,Yes,17,0,4,0,0
E2784,59,No,Travel_Rarely,Research & Development,13,Marketing,2,2,Research Scientist,3,Married,6048,Yes,19,12,3,4,0
E2785,49,No,Travel_Rarely,Human Resources,29,Medical,1,5,Manager,4,Married,17414,Yes,21,29,4,3,0
E2786,28,No,Travel_Frequently,Human Resources,20,Marketing,2,2,Manager,1,Married,7761,No,17,7,2,7,3
E2787,26,Yes,Travel_Rarely,Human Resources,25,Medical,4,1,Human Resources,2,Married,3153,No,25,5,3,2,0
E2788,22,Yes,Travel_Rarely,Research & Development,14,Technical Degree,1,1,Laboratory Technician,3,Married,3172,No,17,0,3,0,0
E2789,38,Yes,Non-Travel,Human Resources,5,Marketing,1,1,Human Resources,1,Single,2000,Yes,20,5,1,4,4
E2790,50,No,Travel_Frequently,Human Resources,22,Technical Degree,4,3,Manager,4,Single,10980,No,11,20,4,2,0
E2791,43,No,Non-Travel,Human Resources,24,Marketing,3,3,Manager,1,Single,8246,No,13,10,1,0,0
E2792,55,No,Non-Travel,Research & Development,17,Other,1,5,Research Director,2,Divorced,18967,No,14,32,4,8,0
E2793,32,Yes,Travel_Rarely,Sales,13,Marketing,1,2,Sales Representative,3,Single,7791,Yes,11,10,1,9,2
E2794,29,No,Non-Travel,Research & Development,4,Technical Degree,1,2,Laboratory Technician,4,Married,6252,No,24,5,1,0,0
E2795,38,No,Travel_Rarely,Research & Development,8,Marketing,1,3,Laboratory Technician,2,Married,11069,No,20,14,2,1,1
E2796,26,No,Travel_Rarely,Sales,27,Human Resources,2,1,Manager,2,Divorced,2463,No,23,7,1,0,0
E2797,59,No,Travel_Rarely,Research & Development,5,Technical Degree,4,5,Laboratory Technician,4,Married,19553,No,15,20,1,4,3
E2798,25,Yes,Travel_Rarely,Research & Development,20,Life Sciences,4,1,Research Scientist,3,Divorced,5033,No,12,4,1,4,4
E2799,38,No,Travel_Frequently,Research & Development,20,Human Resources,2,4,Research Director,1,Divorced,14854,No,15,17,2,1,0
E2800,40,No,Travel_Rarely,Research & Development,14,Human Resources,2,1,Research Scientist,4,Married,4113,Yes,11,6,2,5,4
E2801,20,No,Non-Travel,Research & Development,29,Marketing,4,1,Research Director,1,Married,2866,Yes,15,1,1,1,1
E2802,38,Yes,Non-Travel,Human Resources,20,Technical Degree,2,1,Human Resources,3,Married,4200,No,12,3,1,3,0
E2803,37,Yes,Travel_Frequently,Human Resources,29,Life Sciences,1,2,Manager,4,Married,8111,Yes,14,12,3,12,4
E2804,29,No,Travel_Rarely,Human Resources,8,Other,3,1,Human Resources,3,Single,4231,No,20,8,2,2,0
E2805,23,Yes,Travel_Frequently,Research & Development,22,Human Resources,2,1,Manufacturing Director,4,Divorced,4846,Yes,25,3,4,3,0
E2806,19,Yes,Travel_Frequently,Research & Development,23,Other,4,1,Laboratory Technician,3,Married,3510,Yes,14,0,4,0,0
E2807,18,Yes,Travel_Rarely,Sales,27,Technical Degree,4,1,Sales Representative,3,Divorced,3470,Yes,25,0,1,0,0
E2808,38,No,Travel_Rarely,Sales,12,Medical,4,1,Sales Representative,1,Married,2676,No,22,4,4,1,1
E2809,21,Yes,Travel_Rarely,Research & Development,10,Medical,4,1,Research Director,1,Divorced,3934,No,12,0,3,0,0
E2810,59,No,Non-Travel,Human Resources,24,Other,3,2,Human Resources,3,Single,8057,No,11,13,4,4,2
E2811,28,No,Travel_Rarely,Research & Development,21,Life Sciences,3,2,Research Scientist,3,Single,6952,No,12,6,2,1,1
E2812,46,No,Travel_Frequently,Human Resources,8,Human Resources,1,2,Human Resources,3,Single,5786,No,21,13,1,0,0
E2813,46,Yes,Travel_Rarely,Research & Development,9,Life Sciences,1,1,Manufacturing Director,1,Divorced,3674,No,21,8,4,8,3
E2814,39,Yes,Travel_Frequently,Research & Development,23,Human Resources,1,3,Manufacturing Director,1,Divorced,10576,No,24,17,3,8,4
E2815,55,No,Travel_Rarely,Research & Development,17,Technical Degree,4,4,Manufacturing Director,1,Divorced,16138,No,18,15,1,4,3
E2816,22,Yes,Non-Travel,Research & Development,27,Marketing,2,1,Research Scientist,1,Married,2038,Yes,11,1,1,1,1
E2817,28,No,Travel_Rarely,Sales,19,Human Resources,3,2,Manager,1,Married,5056,No,25,4,1,2,2
E2818,28,Yes,Non-Travel,Human Resources,29,Marketing,2,1,Manager,4,Married,2975,No,24,2,2,2,0
E2819,23,Yes,Travel_Rarely,Sales,10,Technical Degree,4,1,Manager,4,Divorced,2010,Yes,21,3,2,2,2
E2820,30,No,Travel_Frequently,Research & Development,23,Human Resources,2,2,Research Director,1,Married,8082,No,24,5,2,5,1
E2821,31,Yes,Travel_Frequently,Sales,6,Marketing,4,1,Sales Executive,2,Married,2975,No,15,1,4,0,0
E2822,50,No,Non-Travel,Research & Development,21,Life Sciences,3,4,Manufacturing Director,4,Married,15278,Yes,19,29,4,4,2
E2823,30,No,Travel_Rarely,Research & Development,13,Other,1,2,Laboratory Technician,2,Married,5605,No,18,9,3,1,1
E2824,55,No,Travel_Frequently,Human Resources,16,Technical Degree,2,5,Manager,2,Married,18862,Yes,15,26,3,2,0
E2825,51,No,Travel_Rarely,Sales,24,Marketing,2,5,Sales Executive,2,Married,20776,Yes,25,27,4,2,0
E2826,56,No,Travel_Rarely,Research & Development,4,Life Sciences,3,5,Manufacturing Director,2,Divorced,19280,No,19,33,2,0,0
E2827,22,No,Travel_Rarely,Research & Development,7,Life Sciences,2,2,Research Director,3,Single,4521,No,24,1,3,1,0
E2828,60,No,Travel_Rarely,Human Resources,17,Medical,1,5,Manager,3,Married,18139,No,15,26,3,0,0
E2829,44,Yes,Non-Travel,Sales,13,Other,4,4,Manager,3,Single,16315,No,18,16,2,3,1
E2830,60,No,Travel_Frequently,Research & Development,17,Human Resources,4,3,Research Director,3,Single,11232,No,24,13,4,9,5
E2831,33,No,Non-Travel,Human Resources,13,Marketing,2,2,Human Resources,2,Married,5347,No,13,4,1,0,0
E2832,58,No,Travel_Frequently,Sales,2,Human Resources,4,1,Manager,2,Married,3883,No,19,7,1,7,7
E2833,43,Yes,Travel_Frequently,Research & Development,28,Marketing,1,3,Research Director,4,Married,8159,Yes,22,16,2,9,9
E2834,21,Yes,Travel_Rarely,Human Resources,21,Other,2,1,Human Resources,2,Single,3551,No,22,2,4,2,0
E2835,35,No,Non-Travel,Human Resources,18,Medical,1,3,Manager,4,Divorced,8171,No,22,12,2,6,4
E2836,23,Yes,Travel_Rarely,Human Resources,5,Human Resources,2,2,Manager,2,Divorced,7355,No,20,1,1,1,1
E2837,58,No,Travel_Rarely,Research & Development,6,Marketing,3,2,Research Director,2,Divorced,8139,No,11,10,4,9,1
E2838,31,Yes,Travel_Frequently,Human Resources,18,Human Resources,4,1,Manager,3,Single,2295,Yes,15,6,1,6,4
E2839,27,Yes,Travel_Frequently,Human Resources,2,Medical,4,1,Human Resources,2,Single,3269,No,22,5,1,5,5
E2840,41,No,Travel_Rarely,Human Resources,14,Other,4,4,Human Resources,2,Single,13407,No,18,20,4,14,7
E2841,36,Yes,Travel_Frequently,Sales,26,Medical,3,3,Sales Executive,2,Single,9037,No,16,15,2,9,9
E2842,22,Yes,Travel_Frequently,Research & Development,26,Technical Degree,2,2,Manufacturing Director,3,Married,4798,No,24,3,1,3,0
E2843,53,No,Travel_Rarely,Research & Development,15,Human Resources,4,5,Research Director,1,Married,18296,No,16,28,2,4,4
E2844,54,No,Travel_Frequently,Human Resources,7,Technical Degree,1,5,Manager,2,Single,21000,No,16,33,3,11,11
E2845,49,No,Travel_Frequently,Sales,3,Technical Degree,4,3,Sales Executive,4,Married,8006,No,17,15,4,9,1
E2846,44,Yes,Travel_Rarely,Human Resources,5,Other,4,1,Manager,2,Married,4576,No,16,3,1,3,1
E2847,35,Yes,Travel_Rarely,Sales,9,Other,1,2,Sales Representative,3,Married,4801,Yes,18,2,2,0,0
E2848,41,No,Travel_Rarely,Sales,16,Human Resources,3,2,Sales Representative,2,Married,6661,Yes,25,9,3,0,0
E2849,40,No,Non-Travel,Research & Development,22,Medical,4,2,Research Director,4,Married,6312,No,25,7,3,3,0
E2850,25,Yes,Travel_Rarely,Research & Development,14,Human Resources,3,1,Laboratory Technician,1,Divorced,4750,No,16,1,3,1,0
E2851,21,Yes,Travel_Frequently,Sales,24,Technical Degree,4,1,Sales Representative,4,Married,2227,Yes,16,2,2,2,2
E2852,28,Yes,Travel_Rarely,Research & Development,5,Technical Degree,2,1,Research Scientist,4,Single,2159,Yes,23,2,4,0,0
E2853,37,No,Travel_Frequently,Research & Development,13,Other,3,4,Laboratory Technician,2,Divorced,15550,No,19,17,1,2,1
E2854,24,No,Travel_Frequently,Sales,18,Technical Degree,4,2,Sales Representative,4,Married,7150,No,13,4,4,1,1
E2855,22,Yes,Travel_Rarely,Research & Development,2,Other,1,1,Manufacturing Director,4,Married,3977,No,19,2,4,2,2
E2856,54,No,Travel_Frequently,Sales,27,Technical Degree,3,5,Manager,1,Married,17301,No,22,24,3,0,0
E2857,34,Yes,Non-Travel,Research & Development,29,Life Sciences,4,1,Laboratory Technician,3,Divorced,2600,No,17,6,2,4,4
E2858,43,No,Non-Travel,Research & Development,22,Human Resources,2,3,Research Director,1,Single,10830,No,20,16,2,0,0
E2859,40,No,Non-Travel,Research & Development,21,Marketing,4,1,Research Director,4,Divorced,3753,No,22,5,2,5,5
E2860,49,No,Travel_Rarely,Research & Development,7,Technical Degree,3,5,Laboratory Technician,4,Married,19438,Yes,12,27,1,11,1
E2861,49,No,Non-Travel,Sales,6,Medical,2,1,Sales Executive,2,Married,2926,No,25,11,1,11,7
E2862,30,No,Travel_Frequently,Sales,7,Medical,2,1,Sales Executive,2,Divorced,2481,Yes,11,3,3,3,3
E2863,54,No,Travel_Rarely,Research & Development,4,Human Resources,2,4,Manufacturing Director,4,Married,16563,Yes,12,25,3,4,3
E2864,33,No,Travel_Rarely,Research & Development,17,Medical,2,2,Research Director,2,Divorced,7357,Yes,15,9,2,0,0
E2865,53,No,Travel_Rarely,Human Resources,28,Life Sciences,3,3,Manager,3,Married,8334,Yes,11,16,2,1,0
E2866,35,No,Non-Travel,Human Resources,20,Marketing,3,2,Manager,3,Divorced,8132,No,20,10,1,2,0
E2867,22,No,Non-Travel,Human Resources,26,Human Resources,2,1,Human Resources,2,Married,3488,No,18,0,4,0,0
E2868,50,No,Travel_Rarely,Research & Development,29,Medical,3,5,Manufacturing Director,2,Married,18257,No,16,21,4,13,9
E2869,19,Yes,Travel_Frequently,Sales,20,Marketing,3,1,Manager,4,Married,2840,No,25,0,1,0,0
E2870,51,No,Travel_Frequently,Research & Development,4,Marketing,4,1,Laboratory Technician,2,Married,4389,No,15,10,2,6,4
E2871,19,Yes,Travel_Rarely,Human Resources,27,Other,4,1,Manager,2,Married,2767,Yes,24,0,3,0,0
E2872,26,Yes,Travel_Frequently,Research & Development,16,Life Sciences,3,1,Research Scientist,4,Divorced,3596,No,19,3,1,3,0
E2873,43,No,Non-Travel,Research & Development,16,Other,1,2,Research Director,3,Divorced,7297,No,21,9,1,5,2
E2874,58,No,Travel_Rarely,Human Resources,29,Life Sciences,2,4,Manager,3,Single,13694,No,25,19,4,10,1
E2875,35,Yes,Travel_Frequently,Sales,20,Technical Degree,2,1,Sales Representative,2,Divorced,4915,No,14,4,1,1,1
E2876,23,Yes,Non-Travel,Human Resources,4,Other,2,1,Manager,3,Married,2737,Yes,12,1,3,1,0
E2877,28,No,Travel_Rarely,Research & Development,23,Other,4,2,Research Director,1,Single,6118,No,22,5,4,5,0
E2878,56,No,Travel_Rarely,Research & Development,29,Technical Degree,3,2,Laboratory Technician,1,Divorced,7175,No,20,7,3,2,2
E2879,49,No,Travel_Rarely,Research & Development,7,Marketing,4,3,Research Scientist,4,Single,10221,No,13,21,2,9,1
E2880,22,Yes,Travel_Rarely,Research & Development,14,Human Resources,1,1,Research Director,2,Divorced,3110,Yes,24,3,1,3,1
E2881,34,Yes,Travel_Rarely,Research & Development,4,Other,3,1,Research Scientist,4,Married,4004,No,21,7,3,0,0
E2882,29,Yes,Travel_Frequently,Research & Development,21,Life Sciences,3,1,Manufacturing Director,4,Divorced,4970,No,19,9,2,5,0
E2883,25,No,Travel_Rarely,Research & Development,5,Medical,4,1,Laboratory Technician,2,Married,4291,No,12,1,4,1,1
E2884,54,No,Travel_Frequently,Research & Development,13,Medical,2,1,Research Director,4,Single,4495,No,25,4,3,4,2
E2885,44,Yes,Non-Travel,Research & Development,19,Other,3,3,Research Director,3,Divorced,8874,Yes,18,18,1,0,0
E2886,25,No,Travel_Rarely,Sales,25,Life Sciences,2,2,Sales Representative,4,Married,6118,No,19,5,2,3,0
E2887,45,No,Non-Travel,Sales,10,Life Sciences,3,4,Sales Representative,2,Married,15068,Yes,11,22,3,11,4
E2888,35,Yes,Travel_Rarely,Research & Development,27,Life Sciences,1,1,Laboratory Technician,1,Single,2000,Yes,21,2,3,2,1
E2889,20,Yes,Travel_Frequently,Human Resources,1,Other,3,1,Human Resources,3,Divorced,4184,Yes,23,1,3,1,0
E2890,37,No,Travel_Rarely,Sales,5,Life Sciences,2,2,Manager,4,Divorced,5862,No,22,7,1,5,0
E2891,25,Yes,Travel_Rarely,Research & Development,4,Medical,4,1,Laboratory Technician,1,Married,2519,No,16,2,1,0,0
E2892,28,Yes,Non-Travel,Research & Development,22,Technical Degree,1,1,Research Director,1,Married,2438,Yes,13,2,1,2,0
E2893,55,Yes,Travel_Frequently,Human Resources,11,Marketing,1,5,Manager,4,Single,18642,Yes,17,35,3,4,0
E2894,48,No,Travel_Frequently,Research & Development,1,Life Sciences,3,1,Research Director,3,Single,2793,No,19,4,1,0,0
E2895,23,No,Travel_Frequently,Research & Development,23,Marketing,2,1,Manufacturing Director,3,Married,3727,No,15,4,4,4,2
E2896,54,No,Travel_Rarely,Research & Development,9,Human Resources,2,4,Research Director,3,Divorced,15212,Yes,20,23,2,10,5
E2897,42,No,Non-Travel,Research & Development,20,Medical,4,4,Laboratory Technician,3,Divorced,13825,No,24,17,2,1,0
E2898,55,Yes,Travel_Rarely,Research & Development,17,Technical Degree,4,4,Laboratory Technician,2,Married,14012,Yes,12,26,1,1,0
E2899,50,No,Travel_Rarely,Research & Development,4,Marketing,1,5,Laboratory Technician,3,Single,20182,No,14,26,2,15,12
E2900,32,No,Non-Travel,Research & Development,18,Medical,3,1,Research Scientist,2,Married,2000,Yes,17,3,4,3,2
E2901,40,No,Travel_Rarely,Research & Development,25,Life Sciences,3,2,Research Scientist,1,Married,6325,No,13,2,1,1,1
E2902,40,No,Non-Travel,Research & Development,11,Other,4,3,Laboratory Technician,3,Divorced,9592,No,22,13,3,3,0
E2903,48,Yes,Travel_Rarely,Sales,25,Other,1,3,Manager,2,Single,9739,No,11,12,1,11,1
E2904,28,Yes,Travel_Rarely,Research & Development,8,Technical Degree,4,1,Research Director,4,Married,4630,No,11,2,1,2,2
E2905,32,Yes,Travel_Rarely,Research & Development,9,Human Resources,3,1,Manufacturing Director,2,Married,3754,No,16,3,3,2,0
E2906,28,No,Travel_Frequently,Human Resources,5,Marketing,4,1,Human Resources,1,Married,4978,No,17,3,3,3,0
E2907,30,No,Travel_Frequently,Research & Development,7,Other,3,2,Manufacturing Director,4,Single,7540,No,21,1,3,1,0
E2908,24,Yes,Travel_Rarely,Research & Development,7,Technical Degree,4,1,Research Director,1,Single,2202,No,13,0,1,0,0
E2909,19,No,Travel_Rarely,Sales,19,Human Resources,1,1,Sales Executive,4,Married,2294,No,22,0,1,0,0
E2910,58,No,Travel_Rarely,Research & Development,4,Human Resources,1,3,Research Director,3,Single,9017,Yes,13,14,2,0,0
E2911,21,Yes,Travel_Frequently,Research & Development,16,Other,3,1,Research Director,2,Married,2900,Yes,25,2,1,2,1
E2912,56,No,Non-Travel,Research & Development,8,Technical Degree,2,5,Research Director,1,Single,19545,Yes,18,34,4,1,0
E2913,18,No,Travel_Rarely,Research & Development,5,Other,1,1,Research Scientist,1,Divorced,2264,No,22,0,2,0,0
E2914,51,No,Non-Travel,Human Resources,24,Other,3,4,Manager,1,Married,13948,Yes,11,23,3,9,6
E2915,32,No,Travel_Rarely,Sales,16,Human Resources,4,1,Sales Representative,4,Married,3105,Yes,21,8,1,0,0
E2916,40,No,Travel_Rarely,Human Resources,9,Marketing,3,3,Manager,1,Married,10202,No,17,15,3,0,0
E2917,30,Yes,Travel_Rarely,Sales,19,Life Sciences,3,1,Sales Executive,1,Married,3938,Yes,18,2,1,2,2
E2918,39,No,Non-Travel,Human Resources,27,Marketing,3,2,Human Resources,1,Married,8066,No,11,5,2,3,1
E2919,37,No,Non-Travel,Research & Development,9,Human Resources,2,1,Laboratory Technician,3,Married,2278,No,20,3,2,1,1
E2920,40,No,Travel_Frequently,Sales,8,Other,3,3,Manager,2,Married,9145,Yes,24,13,1,13,11
E2921,34,No,Travel_Rarely,Sales,20,Human Resources,4,3,Sales Representative,2,Divorced,11226,No,25,15,1,4,4
E2922,41,No,Non-Travel,Human Resources,15,Technical Degree,1,4,Human Resources,4,Single,15265,Yes,24,15,4,4,4
E2923,53,No,Travel_Frequently,Sales,20,Technical Degree,2,4,Manager,2,Divorced,15283,No,21,24,2,14,5
E2924,36,No,Non-Travel,Research & Development,5,Other,1,3,Research Scientist,4,Married,9779,No,14,16,3,16,11
E2925,33,Yes,Travel_Frequently,Research & Development,28,Medical,4,2,Research Director,1,Married,5114,Yes,16,10,3,5,1
E2926,23,Yes,Travel_Frequently,Human Resources,1,Human Resources,3,1,Manager,3,Divorced,4577,Yes,11,0,3,0,0
E2927,33,No,Non-Travel,Research & Development,8,Technical Degree,3,2,Laboratory Technician,1,Married,7119,No,14,12,3,5,1
E2928,23,Yes,Non-Travel,Human Resources,19,Technical Degree,3,1,Manager,1,Single,3531,No,14,2,4,2,1
E2929,25,No,Travel_Frequently,Sales,16,Marketing,3,1,Manager,3,Single,3338,Yes,21,0,3,0,0
E2930,58,No,Travel_Rarely,Research & Development,10,Technical Degree,4,4,Manufacturing Director,3,Married,14462,No,11,21,2,13,11
E2931,21,No,Travel_Rarely,Sales,29,Other,1,2,Manager,3,Married,5421,No,24,2,2,2,1
E2932,38,No,Travel_Frequently,Research & Development,11,Marketing,3,1,Research Scientist,2,Single,4334,No,22,6,4,6,1
E2933,53,No,Travel_Frequently,Research & Development,20,Life Sciences,4,3,Manufacturing Director,2,Married,9753,Yes,21,18,2,9,3
E2934,58,Yes,Travel_Rarely,Research & Development,12,Life Sciences,1,2,Manufacturing Director,4,Married,4929,Yes,19,9,3,0,0
E2935,24,Yes,Travel_Rarely,Sales,13,Medical,3,1,Sales Representative,1,Divorced,2847,No,14,0,4,0,0
E2936,25,Yes,Non-Travel,Research & Development,23,Marketing,1,1,Research Director,2,Married,4740,Yes,19,1,1,1,1
E2937,34,Yes,Non-Travel,Sales,11,Life Sciences,1,1,Manager,4,Divorced,3199,Yes,20,11,1,0,0
E2938,41,No,Travel_Rarely,Human Resources,12,Medical,2,3,Manager,3,Single,9456,Yes,23,19,1,1,0
E2939,59,No,Travel_Rarely,Research & Development,23,Human Resources,4,3,Laboratory Technician,4,Divorced,9794,Yes,21,9,1,0,0
E2940,26,No,Travel_Rarely,Research & Development,3,Human Resources,2,2,Laboratory Technician,1,Married,7336,No,23,2,3,2,0
E2941,25,Yes,Non-Travel,Research & Development,13,Human Resources,2,1,Research Scientist,1,Married,3830,Yes,17,1,3,0,0
E2942,28,Yes,Non-Travel,Sales,9,Human Resources,4,1,Sales Representative,4,Divorced,4465,No,17,1,2,1,0
E2943,55,Yes,Travel_Rarely,Human Resources,14,Life Sciences,4,4,Human Resources,3,Divorced,13489,Yes,22,21,1,2,0
E2944,19,Yes,Travel_Rarely,Human Resources,17,Other,3,1,Manager,4,Single,4686,No,20,0,3,0,0
E2945,34,No,Travel_Rarely,Research & Development,13,Medical,1,3,Research Director,4,Single,10814,No,16,10,1,0,0
E2946,23,No,Travel_Rarely,Research & Development,29,Life Sciences,4,1,Research Director,2,Married,3347,No,17,2,3,2,1
E2947,24,Yes,Travel_Rarely,Research & Development,27,Human Resources,2,1,Research Director,1,Divorced,3757,No,19,3,4,3,3
E2948,57,No,Travel_Rarely,Research & Development,5,Marketing,3,3,Laboratory Technician,4,Married,8275,No,20,7,2,2,2
E2949,18,Yes,Travel_Rarely,Research & Development,19,Marketing,3,1,Laboratory Technician,2,Single,3018,Yes,16,0,2,0,0
E2950,31,Yes,Travel_Frequently,Sales,10,Marketing,2,1,Sales Representative,1,Single,2599,No,13,11,3,11,11
E2951,57,No,Non-Travel,Human Resources,21,Technical Degree,3,5,Human Resources,3,Married,17487,No,24,29,1,3,3
E2952,44,No,Travel_Rarely,Human Resources,15,Technical Degree,3,3,Human Resources,1,Married,11563,Yes,15,22,3,0,0
E2953,21,No,Travel_Rarely,Research & Development,28,Life Sciences,1,1,Manufacturing Director,1,Divorced,2437,No,13,2,2,2,0
E2954,37,Yes,Travel_Rarely,Research & Development,28,Life Sciences,1,3,Laboratory Technician,4,Married,9806,Yes,14,12,2,0,0
E2955,59,No,Travel_Rarely,Research & Development,2,Other,4,5,Research Director,1,Married,18701,No,24,35,1,1,1
E2956,35,No,Travel_Frequently,Research & Development,4,Marketing,1,1,Research Scientist,3,Single,3027,No,13,7,4,7,6
E2957,40,No,Travel_Rarely,Research & Development,1,Other,2,2,Laboratory Technician,2,Divorced,5922,No,21,2,2,2,2
E2958,40,No,Non-Travel,Sales,24,Technical Degree,2,2,Sales Representative,1,Divorced,5743,No,17,3,1,3,2
E2959,46,No,Travel_Rarely,Sales,7,Human Resources,2,1,Manager,4,Single,3881,No,20,5,4,2,2
E2960,26,No,Non-Travel,Human Resources,21,Medical,2,1,Manager,1,Married,4853,No,21,1,4,1,1
E2961,54,No,Travel_Rarely,Sales,10,Other,4,3,Sales Executive,3,Married,9310,No,14,14,3,0,0
E2962,60,No,Travel_Rarely,Research & Development,9,Technical Degree,1,5,Laboratory Technician,1,Married,20817,No,16,29,1,15,0
E2963,24,No,Travel_Rarely,Research & Development,18,Human Resources,4,2,Research Director,3,Divorced,6947,No,22,4,4,2,1
E2964,53,No,Non-Travel,Research & Development,23,Medical,3,4,Laboratory Technician,1,Single,15215,No,25,21,1,0,0
E2965,53,No,Travel_Rarely,Human Resources,17,Technical Degree,4,1,Human Resources,4,Divorced,2560,No,23,7,1,1,0
E2966,49,No,Non-Travel,Human Resources,17,Marketing,3,4,Human Resources,2,Single,13350,Yes,15,22,3,3,2
E2967,33,No,Travel_Frequently,Research & Development,22,Other,4,2,Manufacturing Director,1,Divorced,7672,No,14,6,2,3,0
E2968,38,Yes,Travel_Frequently,Research & Development,5,Other,1,2,Research Scientist,1,Married,6539,No,25,2,1,2,2
E2969,54,Yes,Non-Travel,Research & Development,18,Marketing,3,2,Laboratory Technician,3,Single,6380,No,21,12,3,5,2
E2970,24,Yes,Travel_Frequently,Research & Development,9,Life Sciences,3,1,Manufacturing Director,3,Married,4372,No,13,2,2,1,1
E2971,53,No,Travel_Frequently,Sales,5,Medical,4,3,Manager,2,Married,8777,No,20,11,4,3,0
E2972,57,No,Travel_Rarely,Sales,10,Medical,1,5,Sales Executive,3,Married,20193,No,15,30,1,2,2
E2973,47,No,Travel_Frequently,Sales,6,Life Sciences,3,3,Sales Executive,4,Single,9238,No,13,21,4,2,1
E2974,32,No,Travel_Frequently,Research & Development,10,Other,3,3,Research Scientist,3,Married,10833,Yes,13,9,3,0,0
E2975,42,No,Travel_Rarely,Research & Development,1,Marketing,1,2,Laboratory Technician,3,Divorced,5588,No,16,5,1,3,2
E2976,20,No,Travel_Frequently,Research & Development,22,Life Sciences,3,2,Research Director,4,Married,4971,No,14,1,3,1,1
E2977,58,No,Travel_Frequently,Research & Development,11,Technical Degree,2,5,Laboratory Technician,1,Divorced,19773,No,22,27,4,2,1
E2978,32,No,Travel_Rarely,Sales,20,Marketing,2,1,Sales Executive,1,Married,2140,No,13,3,1,0,0
E2979,20,Yes,Travel_Rarely,Research & Development,22,Medical,3,2,Laboratory Technician,1,Married,7813,Yes,13,1,4,0,0
E2980,52,No,Travel_Rarely,Sales,24,Marketing,3,3,Manager,1,Divorced,10224,No,20,17,2,2,0
E2981,46,Yes,Travel_Rarely,Research & Development,3,Technical Degree,3,2,Manufacturing Director,2,Married,5778,No,17,13,4,7,7
E2982,44,No,Travel_Rarely,Sales,15,Technical Degree,2,2,Sales Representative,1,Married,5381,No,14,5,1,0,0
E2983,20,Yes,Travel_Rarely,Research & Development,13,Medical,4,1,Research Director,4,Single,4724,No,12,1,3,1,0
E2984,50,No,Travel_Frequently,Research & Development,11,Technical Degree,1,2,Manufacturing Director,2,Married,6778,No,12,5,4,5,1
E2985,45,No,Travel_Rarely,Research & Development,24,Human Resources,2,1,Manufacturing Director,1,Divorced,4818,No,15,6,2,0,0
E2986,52,Yes,Travel_Rarely,Sales,2,Technical Degree,2,3,Sales Representative,3,Divorced,7916,Yes,14,7,1,2,0
E2987,53,Yes,Travel_Rarely,Human Resources,9,Other,2,5,Manager,2,Married,20729,Yes,19,31,2,0,0
E2988,27,No,Travel_Frequently,Sales,24,Other,2,1,Sales Executive,1,Married,3390,No,21,3,3,1,1
E2989,27,No,Non-Travel,Sales,12,Marketing,4,2,Sales Representative,4,Married,6909,Yes,13,3,3,1,1
E2990,57,No,Non-Travel,Human Resources,3,Marketing,1,3,Manager,3,Divorced,9115,Yes,17,14,2,1,0
E2991,40,No,Non-Travel,Research & Development,6,Marketing,3,4,Research Scientist,4,Divorced,13177,Yes,17,18,4,0,0
E2992,36,No,Travel_Rarely,Human Resources,9,Marketing,2,2,Manager,4,Divorced,8203,No,13,10,3,1,0
E2993,30,No,Travel_Frequently,Research & Development,8,Medical,1,3,Manufacturing Director,4,Divorced,11131,No,18,10,3,4,2
E2994,45,No,Travel_Rarely,Sales,20,Other,1,3,Sales Representative,1,Married,8886,Yes,11,9,4,0,0
E2995,50,Yes,Travel_Rarely,Human Resources,5,Technical Degree,2,2,Human Resources,4,Married,7994,Yes,15,6,4,6,4
E2996,18,No,Travel_Rarely,Human Resources,23,Life Sciences,2,1,Manager,1,Married,2037,No,21,0,2,0,0
E2997,41,No,Travel_Rarely,Research & Development,10,Other,2,1,Research Scientist,2,Married,2351,No,14,9,2,0,0
E2998,60,No,Travel_Rarely,Human Resources,2,Other,3,5,Manager,4,Divorced,17786,Yes,21,32,3,7,1
E2999,30,Yes,Travel_Rarely,Sales,1,Technical Degree,2,3,Sales Executive,3,Divorced,9019,No,12,10,3,2,1
E3000,30,No,Non-Travel,Research & Development,18,Other,4,3,Research Director,4,Divorced,7673,Yes,17,6,2,6,1
E3001,55,No,Travel_Frequently,Research & Development,22,Other,2,5,Research Scientist,4,Married,18991,No,24,34,3,8,6
E3002,20,Yes,Travel_Frequently,Human Resources,4,Other,4,1,Manager,1,Single,2000,Yes,18,1,3,0,0
E3003,35,No,Travel_Rarely,Human Resources,9,Other,4,2,Manager,3,Single,7207,No,23,5,4,3,3
E3004,37,Yes,Non-Travel,Human Resources,22,Life Sciences,3,3,Human Resources,3,Married,10527,Yes,14,9,2,0,0
E3005,52,Yes,Travel_Rarely,Research & Development,26,Life Sciences,1,1,Manufacturing Director,1,Married,4017,No,13,4,4,4,1
E3006,23,Yes,Non-Travel,Research & Development,22,Technical Degree,4,1,Research Director,1,Married,2272,Yes,18,3,1,3,3
E3007,36,Yes,Travel_Frequently,Human Resources,18,Human Resources,4,1,Human Resources,2,Married,4254,No,14,3,4,3,3
E3008,24,Yes,Travel_Rarely,Research & Development,22,Other,3,1,Research Director,3,Divorced,2403,No,21,2,1,2,0
E3009,51,No,Travel_Rarely,Human Resources,9,Technical Degree,2,3,Manager,4,Married,10668,Yes,16,19,4,1,1
E3010,45,No,Travel_Frequently,Sales,2,Medical,3,1,Manager,3,Divorced,3556,No,22,3,1,3,1
E3011,39,No,Non-Travel,Sales,17,Other,3,1,Sales Representative,4,Married,2853,No,11,3,4,2,2
E3012,34,Yes,Travel_Rarely,Research & Development,17,Technical Degree,4,3,Research Scientist,1,Divorced,7982,Yes,16,11,4,3,2
E3013,24,Yes,Travel_Rarely,Human Resources,24,Human Resources,3,1,Human Resources,2,Single,4346,Yes,14,0,4,0,0
E3014,57,No,Travel_Rarely,Sales,7,Medical,4,5,Manager,2,Married,20299,No,21,19,4,3,3
E3015,45,No,Travel_Rarely,Research & Development,26,Human Resources,4,2,Manufacturing Director,4,Divorced,7181,Yes,14,10,2,1,1
E3016,31,Yes,Travel_Rarely,Sales,15,Life Sciences,4,1,Sales Representative,3,Divorced,4946,No,18,3,1,2,0
E3017,35,No,Non-Travel,Human Resources,13,Other,2,1,Manager,3,Married,4879,No,16,4,4,0,0
E3018,49,No,Travel_Rarely,Research & Development,29,Other,4,5,Laboratory Technician,3,Single,17851,No,22,23,3,0,0
E3019,48,No,Travel_Rarely,Sales,16,Human Resources,4,5,Sales Executive,2,Single,19889,No,16,27,4,15,12
E3020,37,No,Travel_Frequently,Research & Development,3,Other,2,2,Research Director,4,Married,5833,No,21,4,3,4,4
E3021,31,No,Travel_Frequently,Sales,8,Other,1,3,Sales Representative,3,Divorced,9396,No,12,11,3,0,0
E3022,46,No,Travel_Frequently,Human Resources,18,Life Sciences,4,4,Manager,3,Married,13439,No,22,16,2,1,0
E3023,46,No,Travel_Frequently,Research & Development,7,Medical,3,3,Manufacturing Director,3,Divorced,11382,No,20,18,2,0,0
E3024,43,No,Travel_Rarely,Research & Development,5,Life Sciences,2,3,Research Director,4,Married,10471,Yes,13,17,2,9,9
E3025,21,No,Travel_Rarely,Research & Development,9,Medical,3,1,Research Director,2,Single,2464,No,12,2,3,2,2
E3026,38,No,Travel_Rarely,Sales,15,Technical Degree,1,2,Manager,3,Married,6350,No,15,15,3,2,1
E3027,44,No,Travel_Rarely,Human Resources,3,Life Sciences,4,3,Manager,4,Married,9249,No,25,13,1,1,0
E3028,58,No,Travel_Frequently,Research & Development,16,Life Sciences,1,4,Laboratory Technician,3,Single,15746,No,14,22,1,4,2
E3029,40,No,Travel_Rarely,Human Resources,22,Technical Degree,2,2,Manager,1,Married,8010,No,18,8,1,8,3
E3030,32,Yes,Travel_Frequently,Research & Development,14,Technical Degree,3,1,Research Director,1,Single,2655,No,17,2,3,2,2
E3031,41,No,Non-Travel,Research & Development,21,Marketing,3,4,Research Scientist,1,Divorced,14504,No,15,15,3,4,2
E3032,25,Yes,Travel_Frequently,Sales,19,Human Resources,1,2,Sales Representative,2,Divorced,6526,Yes,17,0,1,0,0
E3033,21,No,Travel_Rarely,Human Resources,15,Technical Degree,3,1,Manager,1,Divorced,2867,No,13,1,3,1,0
E3034,47,No,Travel_Rarely,Research & Development,29,Marketing,1,2,Manufacturing Director,3,Single,6415,Yes,21,5,1,5,5
E3035,60,No,Travel_Rarely,Human Resources,18,Life Sciences,4,2,Manager,4,Divorced,5260,No,13,11,4,7,4
E3036,54,No,Travel_Rarely,Sales,24,Human Resources,2,5,Sales Representative,1,Married,17757,No,19,23,3,8,2
E3037,43,No,Travel_Rarely,Research & Development,19,Technical Degree,2,4,Research Scientist,2,Married,14254,No,15,15,3,9,5
E3038,19,Yes,Non-Travel,Sales,28,Life Sciences,3,1,Sales Executive,1,Single,4652,No,19,0,3,0,0
E3039,60,No,Travel_Rarely,Research & Development,13,Medical,1,2,Research Director,1,Divorced,5953,No,19,7,2,0,0
E3040,37,No,Travel_Frequently,Research & Development,6,Medical,1,2,Manufacturing Director,1,Married,5644,No,20,8,4,8,6
E3041,30,No,Travel_Rarely,Human Resources,6,Medical,4,2,Manager,3,Married,7210,No,20,4,3,0,0
E3042,56,No,Travel_Rarely,Research & Development,29,Human Resources,3,5,Laboratory Technician,4,Married,20652,No,15,27,1,4,2
E3043,50,No,Travel_Rarely,Sales,24,Other,1,3,Sales Representative,3,Divorced,9577,No,19,18,4,4,2
E3044,50,No,Travel_Rarely,Sales,9,Life Sciences,3,2,Manager,3,Married,5120,Yes,14,16,3,0,0
E3045,29,No,Travel_Rarely,Research & Development,13,Medical,4,2,Manufacturing Director,1,Married,7059,Yes,16,5,2,2,1
E3046,60,No,Travel_Rarely,Sales,1,Medical,4,5,Manager,4,Married,19103,Yes,14,35,4,1,1
E3047,37,No,Non-Travel,Research & Development,28,Other,2,3,Research Director,3,Single,10168,No,19,14,1,3,0
E3048,40,No,Travel_Frequently,Sales,13,Technical Degree,3,3,Manager,4,Married,8662,Yes,22,11,3,2,0
E3049,50,No,Travel_Frequently,Research & Development,12,Other,4,4,Manufacturing Director,2,Divorced,12898,No,20,16,3,8,6
E3050,46,No,Travel_Rarely,Human Resources,8,Medical,2,1,Human Resources,3,Divorced,2776,No,12,3,4,1,1
E3051,25,No,Travel_Rarely,Research & Development,3,Life Sciences,4,1,Manufacturing Director,2,Divorced,4157,No,12,6,3,6,0
E3052,31,No,Travel_Frequently,Research & Development,23,Marketing,4,1,Manufacturing Director,3,Single,2986,No,15,4,4,0,0
E3053,33,Yes,Travel_Frequently,Research & Development,7,Human Resources,2,2,Manufacturing Director,1,Married,5377,No,19,4,2,4,4
E3054,58,No,Non-Travel,Research & Development,3,Other,4,5,Research Scientist,2,Divorced,19274,No,15,35,4,0,0
E3055,48,No,Travel_Rarely,Research & Development,29,Marketing,1,4,Research Director,1,Married,15723,No,25,21,1,3,3
E3056,33,Yes,Travel_Rarely,Sales,16,Medical,2,1,Manager,3,Single,2000,Yes,19,2,4,0,0
E3057,49,Yes,Non-Travel,Human Resources,3,Life Sciences,2,2,Human Resources,3,Married,7031,No,24,4,4,0,0
E3058,49,Yes,Travel_Rarely,Sales,9,Marketing,1,2,Sales Representative,4,Divorced,6906,Yes,24,3,3,3,0
E3059,34,Yes,Travel_Frequently,Research & Development,17,Technical Degree,3,1,Research Scientist,2,Divorced,3108,Yes,12,9,1,9,9
E3060,35,No,Travel_Rarely,Human Resources,6,Life Sciences,3,1,Manager,4,Single,4926,No,24,2,2,0,0
E3061,56,No,Travel_Rarely,Research & Development,29,Other,2,5,Research Scientist,4,Divorced,20701,No,11,33,1,0,0
E3062,42,No,Travel_Rarely,Research & Development,26,Human Resources,4,3,Laboratory Technician,2,Married,9197,No,12,21,4,4,1
E3063,24,Yes,Travel_Rarely,Human Resources,26,Medical,1,1,Human Resources,4,Divorced,2000,Yes,19,3,2,0,0
E3064,48,No,Non-Travel,Sales,15,Marketing,4,4,Sales Executive,4,Married,14049,No,19,18,4,1,1
E3065,43,No,Travel_Rarely,Research & Development,29,Marketing,3,2,Manufacturing Director,2,Married,5487,Yes,20,8,4,1,1
E3066,39,Yes,Non-Travel,Sales,10,Other,4,2,Manager,2,Married,6485,Yes,11,3,1,3,0
E3067,49,No,Non-Travel,Sales,17,Human Resources,1,4,Manager,1,Married,16346,No,12,22,4,17,10
E3068,57,No,Travel_Rarely,Research & Development,22,Life Sciences,4,1,Manufacturing Director,2,Divorced,4776,No,22,7,2,3,2
E3069,32,Yes,Travel_Rarely,Research & Development,15,Medical,1,1,Research Scientist,2,Married,2600,No,19,2,1,2,0
E3070,36,Yes,Non-Travel,Sales,25,Human Resources,3,1,Manager,2,Single,3190,Yes,16,6,2,3,3
E3071,26,Yes,Travel_Frequently,Research & Development,4,Marketing,4,1,Laboratory Technician,2,Single,2000,Yes,13,0,3,0,0
E3072,45,No,Travel_Rarely,Sales,13,Human Resources,1,3,Manager,1,Married,9635,Yes,14,12,4,1,0
E3073,35,No,Non-Travel,Research & Development,25,Technical Degree,1,3,Laboratory Technician,2,Married,7912,No,15,11,3,11,11
E3074,32,No,Travel_Frequently,Research & Development,6,Human Resources,1,1,Manufacturing Director,1,Divorced,5135,No,18,10,1,8,4
E3075,47,No,Travel_Frequently,Sales,12,Technical Degree,1,3,Sales Representative,1,Single,10964,No,23,17,2,12,3
E3076,35,Yes,Travel_Frequently,Research & Development,29,Human Resources,1,2,Laboratory Technician,3,Divorced,5720,No,17,13,2,1,0
E3077,37,No,Travel_Rarely,Research & Development,18,Marketing,4,2,Research Scientist,4,Single,7218,No,17,8,3,8,3
E3078,36,No,Travel_Rarely,Research & Development,11,Medical,1,2,Manufacturing Director,1,Married,6998,Yes,25,14,3,7,2
E3079,29,Yes,Travel_Rarely,Sales,11,Other,4,1,Sales Representative,3,Married,4455,Yes,12,5,1,1,0
E3080,23,Yes,Travel_Frequently,Human Resources,6,Marketing,1,1,Manager,4,Married,3155,No,11,1,1,1,1
E3081,53,Yes,Non-Travel,Sales,22,Life Sciences,3,5,Sales Representative,3,Single,18161,Yes,25,31,1,3,2
E3082,21,Yes,Travel_Frequently,Research & Development,3,Marketing,2,1,Research Director,1,Divorced,3729,No,25,1,4,0,0
E3083,31,Yes,Travel_Frequently,Human Resources,7,Marketing,3,1,Human Resources,4,Single,2000,No,17,1,3,1,1
E3084,46,Yes,Travel_Rarely,Research & Development,4,Medical,4,2,Laboratory Technician,1,Divorced,6816,No,14,8,2,1,1
E3085,23,Yes,Travel_Frequently,Research & Development,22,Other,1,1,Research Scientist,3,Married,2274,No,12,2,4,2,1
E3086,46,No,Non-Travel,Research & Development,28,Marketing,1,1,Manufacturing Director,2,Divorced,4287,No,13,11,1,5,5
E3087,49,No,Travel_Rarely,Human Resources,3,Marketing,1,4,Human Resources,3,Divorced,15788,Yes,24,16,1,0,0
E3088,46,Yes,Travel_Rarely,Research & Development,28,Human Resources,4,4,Laboratory Technician,1,Divorced,13553,No,22,23,2,0,0
E3089,31,Yes,Travel_Frequently,Sales,27,Technical Degree,3,1,Manager,4,Married,3011,No,23,4,1,1,0
E3090,18,Yes,Travel_Rarely,Research & Development,15,Marketing,4,1,Manufacturing Director,1,Married,4017,Yes,18,0,4,0,0
E3091,56,No,Travel_Rarely,Research & Development,2,Other,4,3,Manufacturing Director,4,Married,8383,Yes,20,14,4,0,0
E3092,32,No,Non-Travel,Sales,21,Other,1,2,Manager,1,Married,6873,Yes,24,11,3,11,0
E3093,52,No,Travel_Rarely,Human Resources,16,Marketing,1,1,Manager,2,Divorced,4081,Yes,16,7,4,4,2
E3094,26,Yes,Travel_Rarely,Research & Development,25,Human Resources,1,1,Research Director,3,Married,2732,Yes,19,1,2,1,1
E3095,24,Yes,Travel_Rarely,Research & Development,9,Life Sciences,1,1,Manufacturing Director,3,Married,4482,Yes,15,3,1,3,3
E3096,51,No,Travel_Rarely,Research & Development,17,Marketing,2,5,Laboratory Technician,2,Single,18917,No,18,22,2,9,6
E3097,58,No,Travel_Rarely,Human Resources,26,Marketing,1,5,Human Resources,2,Single,19684,No,14,31,1,2,1
E3098,55,No,Travel_Rarely,Research & Development,20,Marketing,4,4,Laboratory Technician,3,Divorced,13623,No,14,22,4,4,3
E3099,50,No,Non-Travel,Research & Development,19,Other,2,4,Manufacturing Director,1,Divorced,13291,No,16,24,3,10,5
E3100,28,No,Travel_Rarely,Research & Development,29,Technical Degree,3,2,Laboratory Technician,1,Married,4788,No,25,4,4,1,0
E3101,57,No,Travel_Rarely,Research & Development,15,Marketing,4,2,Manufacturing Director,2,Married,7774,No,15,4,2,4,1
E3102,46,Yes,Travel_Rarely,Research & Development,6,Marketing,1,2,Research Scientist,1,Single,7739,No,20,5,3,1,0
E3103,25,No,Non-Travel,Sales,29,Technical Degree,2,1,Sales Executive,1,Single,4277,No,19,0,2,0,0
E3104,23,No,Travel_Rarely,Sales,5,Medical,3,1,Sales Representative,1,Married,2189,No,20,1,2,1,0
E3105,55,No,Travel_Rarely,Research & Development,16,Medical,4,3,Research Scientist,4,Married,9849,No,12,19,3,0,0
E3106,29,No,Travel_Frequently,Sales,22,Technical Degree,4,2,Manager,1,Married,7396,No,22,4,4,4,1
E3107,50,No,Travel_Frequently,Research & Development,23,Medical,1,4,Laboratory Technician,1,Single,15331,Yes,22,18,3,9,7
E3108,23,Yes,Travel_Rarely,Sales,21,Human Resources,2,1,Sales Representative,4,Single,2000,Yes,12,2,3,1,0
E3109,30,No,Travel_Rarely,Research & Development,13,Other,4,2,Laboratory Technician,2,Married,7904,No,16,8,3,3,1
E3110,30,Yes,Non-Travel,Research & Development,6,Marketing,3,1,Laboratory Technician,2,Married,2332,Yes,23,8,2,2,0
E3111,30,No,Non-Travel,Research & Development,2,Technical Degree,1,1,Research Director,3,Married,2211,Yes,14,4,4,1,0
E3112,47,No,Non-Travel,Human Resources,9,Medical,2,1,Manager,3,Married,5044,Yes,18,11,4,11,9
E3113,57,No,Non-Travel,Sales,29,Human Resources,4,5,Sales Executive,2,Divorced,18866,No,23,23,2,0,0
E3114,57,No,Travel_Rarely,Sales,20,Medical,1,5,Sales Executive,4,Married,18475,No,23,23,4,2,0
E3115,49,No,Travel_Rarely,Research & Development,12,Technical Degree,2,3,Research Scientist,1,Married,9628,No,16,11,2,4,4
E3116,26,Yes,Non-Travel,Research & Development,15,Marketing,4,1,Laboratory Technician,1,Single,5005,Yes,21,3,3,1,0
E3117,59,No,Travel_Rarely,Research & Development,10,Human Resources,3,5,Manufacturing Director,3,Divorced,17789,No,24,28,3,7,4
E3118,41,No,Non-Travel,Research & Development,26,Medical,1,3,Research Director,4,Married,10459,No,17,14,4,7,5
E3119,41,No,Travel_Frequently,Research & Development,14,Medical,2,1,Laboratory Technician,4,Married,2780,No,25,4,4,4,0
E3120,48,No,Non-Travel,Human Resources,25,Human Resources,4,2,Human Resources,3,Single,5420,No,22,14,2,7,2
E3121,51,No,Travel_Rarely,Human Resources,2,Technical Degree,2,5,Human Resources,1,Divorced,18847,Yes,20,28,3,7,3
E3122,58,No,Travel_Frequently,Research & Development,15,Technical Degree,3,1,Laboratory Technician,3,Divorced,3571,No,21,5,3,5,1
E3123,43,No,Non-Travel,Research & Development,18,Human Resources,2,3,Laboratory Technician,1,Married,8771,Yes,13,20,4,14,3
E3124,44,Yes,Travel_Rarely,Research & Development,20,Medical,1,1,Manufacturing Director,4,Married,3108,No,11,6,1,0,0
E3125,50,No,Travel_Frequently,Sales,1,Medical,2,2,Sales Executive,1,Married,7315,No,23,16,3,0,0
E3126,28,No,Travel_Rarely,Sales,19,Other,3,1,Sales Executive,1,Divorced,3628,No,21,4,3,0,0
E3127,31,No,Non-Travel,Sales,25,Life Sciences,4,1,Sales Representative,3,Married,4021,Yes,25,1,2,1,1
E3128,44,No,Non-Travel,Research & Development,3,Technical Degree,1,3,Laboratory Technician,3,Single,11057,No,18,22,2,5,2
E3129,20,No,Travel_Rarely,Research & Development,10,Marketing,4,1,Laboratory Technician,2,Single,2882,No,16,0,3,0,0
E3130,31,Yes,Travel_Frequently,Human Resources,13,Life Sciences,1,2,Human Resources,2,Single,6370,No,23,11,2,11,0
E3131,48,No,Travel_Rarely,Research & Development,8,Other,3,2,Research Scientist,3,Married,6588,Yes,25,10,1,10,7
E3132,59,No,Non-Travel,Research & Development,13,Human Resources,2,5,Laboratory Technician,3,Married,19592,No,23,34,4,8,7
E3133,40,No,Travel_Rarely,Research & Development,26,Medical,2,4,Laboratory Technician,3,Married,13389,Yes,23,19,2,3,2
E3134,35,Yes,Travel_Frequently,Research & Development,27,Human Resources,4,3,Research Director,1,Divorced,8704,Yes,13,9,1,0,0
E3135,36,Yes,Travel_Rarely,Human Resources,18,Human Resources,3,1,Manager,3,Single,2212,No,24,4,1,2,1
E3136,47,No,Travel_Rarely,Research & Development,26,Technical Degree,4,3,Laboratory Technician,1,Divorced,9360,No,11,19,4,1,0
E3137,41,Yes,Non-Travel,Sales,24,Other,1,2,Sales Executive,1,Married,8377,Yes,22,13,2,13,5
E3138,18,Yes,Travel_Rarely,Research & Development,2,Medical,2,1,Laboratory Technician,4,Married,3490,No,13,0,2,0,0
E3139,41,Yes,Non-Travel,Research & Development,12,Life Sciences,1,3,Manufacturing Director,1,Single,9153,No,11,10,2,5,5
E3140,35,No,Non-Travel,Human Resources,25,Human Resources,2,1,Human Resources,2,Married,3631,No,22,5,1,4,1
E3141,48,No,Non-Travel,Sales,13,Marketing,2,3,Manager,2,Divorced,9832,No,16,6,3,2,0
E3142,55,Yes,Travel_Rarely,Human Resources,18,Life Sciences,4,5,Manager,1,Single,18772,No,24,25,1,7,7
E3143,59,No,Travel_Rarely,Human Resources,12,Other,1,5,Human Resources,1,Married,19217,No,15,35,4,4,1
E3144,44,No,Travel_Frequently,Human Resources,1,Marketing,3,2,Human Resources,1,Married,7025,Yes,21,3,2,0,0
E3145,33,No,Non-Travel,Sales,17,Other,4,1,Sales Executive,3,Married,2063,Yes,20,10,1,0,0
E3146,37,No,Non-Travel,Sales,12,Human Resources,1,4,Manager,3,Married,14780,No,23,16,2,3,3
E3147,25,No,Travel_Frequently,Sales,23,Medical,2,1,Sales Representative,3,Married,3406,Yes,23,1,1,1,0
E3148,58,No,Travel_Rarely,Research & Development,26,Human Resources,2,2,Laboratory Technician,1,Divorced,7379,No,19,7,2,0,0
E3149,54,No,Travel_Frequently,Research & Development,4,Marketing,1,5,Manufacturing Director,3,Single,20649,No,16,24,1,4,2
E3150,54,No,Travel_Rarely,Research & Development,11,Technical Degree,2,3,Research Director,1,Married,10955,Yes,18,23,3,0,0
E3151,32,Yes,Non-Travel,Research & Development,12,Medical,2,2,Laboratory Technician,2,Married,6293,Yes,20,2,4,2,2
E3152,31,No,Travel_Frequently,Research & Development,20,Life Sciences,2,1,Laboratory Technician,4,Divorced,2443,No,25,10,2,4,3
E3153,54,No,Travel_Rarely,Human Resources,12,Medical,1,3,Manager,2,Divorced,10069,No,13,19,1,3,0
E3154,41,No,Non-Travel,Human Resources,17,Medical,3,4,Human Resources,1,Divorced,15970,No,12,20,1,15,7
E3155,48,No,Non-Travel,Research & Development,27,Technical Degree,2,5,Research Director,3,Single,20513,Yes,17,25,4,3,3
E3156,39,No,Travel_Frequently,Research & Development,18,Other,3,4,Manufacturing Director,1,Single,15779,No,17,16,2,3,2
E3157,37,No,Non-Travel,Human Resources,3,Medical,2,2,Human Resources,1,Married,5511,Yes,24,10,2,0,0
E3158,45,Yes,Travel_Rarely,Research & Development,14,Human Resources,3,2,Research Scientist,3,Married,7264,No,15,8,1,0,0
E3159,52,No,Travel_Rarely,Sales,26,Human Resources,3,3,Manager,3,Single,11051,Yes,13,18,3,0,0
E3160,32,Yes,Travel_Rarely,Sales,14,Human Resources,2,1,Manager,1,Divorced,3914,Yes,12,2,1,1,0
E3161,52,No,Travel_Rarely,Research & Development,29,Human Resources,4,5,Research Scientist,3,Divorced,19530,No,24,22,4,1,0
E3162,28,Yes,Travel_Rarely,Human Resources,27,Life Sciences,3,1,Manager,1,Married,3281,Yes,20,2,1,2,2
E3163,35,Yes,Travel_Rarely,Research & Development,8,Medical,3,2,Research Director,3,Divorced,7039,No,25,9,1,1,0
E3164,57,No,Travel_Rarely,Research & Development,13,Other,3,1,Manufacturing Director,3,Married,2680,Yes,14,5,3,5,0
E3165,59,Yes,Travel_Frequently,Sales,6,Technical Degree,4,2,Manager,1,Married,5321,Yes,12,14,2,1,1
E3166,57,Yes,Travel_Rarely,Sales,6,Medical,4,3,Sales Executive,3,Divorced,10587,Yes,17,11,3,1,0
E3167,31,Yes,Travel_Rarely,Human Resources,11,Other,3,2,Manager,3,Single,8071,No,13,8,1,8,3
E3168,54,No,Non-Travel,Sales,13,Medical,1,5,Manager,2,Single,20329,No,13,27,4,5,2
E3169,58,No,Travel_Frequently,Research & Development,11,Medical,1,2,Research Scientist,3,Married,5819,Yes,24,5,2,5,3
E3170,60,No,Travel_Rarely,Human Resources,22,Other,2,5,Human Resources,4,Divorced,17937,No,16,34,4,0,0
E3171,18,No,Travel_Rarely,Research & Development,5,Other,3,1,Research Director,2,Married,2430,No,12,0,4,0,0
E3172,50,Yes,Non-Travel,Research & Development,14,Marketing,2,1,Research Director,4,Married,4880,No,14,12,3,3,3
E3173,60,No,Travel_Rarely,Sales,26,Technical Degree,4,5,Sales Executive,1,Single,19625,No,16,27,2,16,11
E3174,50,No,Non-Travel,Research & Development,22,Technical Degree,2,2,Manufacturing Director,3,Married,8393,No,24,14,2,0,0
E3175,28,Yes,Travel_Rarely,Research & Development,6,Medical,3,1,Manufacturing Director,2,Married,2729,No,20,2,3,0,0
E3176,50,No,Travel_Frequently,Research & Development,7,Technical Degree,3,3,Manufacturing Director,3,Married,9860,No,18,17,1,0,0
E3177,22,Yes,Travel_Rarely,Research & Development,27,Life Sciences,2,1,Manufacturing Director,3,Divorced,4215,No,19,0,1,0,0
E3178,38,No,Travel_Frequently,Human Resources,17,Other,3,4,Manager,4,Married,13709,No,22,16,3,1,1
E3179,44,No,Non-Travel,Sales,26,Human Resources,3,5,Sales Representative,3,Single,20544,Yes,13,23,1,2,0
E3180,37,No,Travel_Rarely,Human Resources,26,Life Sciences,2,2,Manager,1,Single,7123,No,18,15,2,3,3
E3181,48,Yes,Travel_Rarely,Research & Development,13,Technical Degree,4,4,Manufacturing Director,4,Married,12958,No,16,17,3,3,2
E3182,28,Yes,Travel_Frequently,Sales,16,Life Sciences,3,1,Sales Representative,3,Single,2000,No,11,5,2,5,4
E3183,44,No,Travel_Rarely,Human Resources,11,Life Sciences,4,4,Manager,1,Married,16298,No,19,24,4,8,3
E3184,45,No,Travel_Rarely,Research & Development,19,Technical Degree,3,1,Research Scientist,1,Married,4028,No,21,8,4,0,0
E3185,45,Yes,Non-Travel,Human Resources,19,Human Resources,4,1,Manager,1,Divorced,4281,No,20,4,1,4,2
E3186,30,No,Travel_Rarely,Research & Development,20,Other,3,2,Manufacturing Director,1,Married,7434,No,11,6,1,0,0
E3187,31,No,Travel_Rarely,Human Resources,25,Medical,3,1,Manager,2,Married,3082,No,16,4,4,2,2
E3188,29,Yes,Travel_Frequently,Sales,22,Other,4,1,Sales Representative,4,Married,4405,No,16,4,1,3,0
E3189,37,Yes,Travel_Rarely,Sales,3,Technical Degree,2,1,Sales Representative,4,Married,4811,No,13,2,2,0,0
E3190,43,No,Travel_Rarely,Research & Development,11,Marketing,4,4,Research Scientist,1,Single,13453,Yes,19,15,4,5,4
E3191,33,Yes,Non-Travel,Sales,17,Marketing,3,2,Manager,2,Single,7284,No,18,4,3,4,3
E3192,35,Yes,Travel_Rarely,Sales,19,Human Resources,3,1,Manager,2,Single,2687,Yes,22,4,2,3,0
E3193,30,No,Travel_Rarely,Human Resources,26,Marketing,1,1,Human Resources,2,Divorced,2615,No,22,1,1,0,0
E3194,27,Yes,Travel_Frequently,Human Resources,13,Marketing,1,2,Human Resources,1,Single,6015,No,24,3,2,0,0
E3195,46,No,Travel_Rarely,Research & Development,24,Marketing,3,3,Manufacturing Director,2,Divorced,11193,No,17,23,3,0,0
E3196,53,No,Travel_Rarely,Research & Development,12,Medical,4,2,Manufacturing Director,3,Married,5047,Yes,14,13,1,5,0
E3197,30,No,Travel_Rarely,Research & Development,5,Marketing,3,1,Manufacturing Director,3,Divorced,3289,No,19,8,3,8,8
E3198,55,No,Travel_Rarely,Research & Development,14,Life Sciences,2,5,Research Scientist,4,Single,19710,Yes,20,27,2,0,0
E3199,42,No,Non-Travel,Research & Development,5,Other,4,2,Research Director,4,Married,5196,No,15,9,2,0,0
E3200,25,Yes,Travel_Rarely,Research & Development,12,Medical,3,2,Laboratory Technician,2,Single,7423,Yes,18,5,4,5,4
E3201,33,No,Travel_Rarely,Human Resources,8,Marketing,3,2,Manager,4,Divorced,8147,No,24,10,4,3,1
E3202,18,No,Travel_Rarely,Research & Development,1,Medical,4,1,Research Director,4,Married,2000,No,22,0,3,0,0
E3203,19,Yes,Travel_Frequently,Research & Development,20,Technical Degree,4,1,Manufacturing Director,2,Single,2000,No,20,0,3,0,0
E3204,32,Yes,Travel_Frequently,Sales,22,Medical,2,1,Sales Executive,2,Married,4899,No,25,1,2,0,0
E3205,37,No,Travel_Rarely,Sales,4,Medical,1,3,Manager,3,Divorced,8622,Yes,11,17,1,0,0
E3206,52,No,Travel_Frequently,Research & Development,17,Medical,2,5,Manufacturing Director,4,Married,17566,No,18,26,2,9,0
E3207,23,Yes,Travel_Rarely,Human Resources,15,Other,1,1,Manager,4,Divorced,4943,Yes,14,4,1,4,1
E3208,54,No,Travel_Rarely,Research & Development,4,Other,1,5,Manufacturing Director,4,Married,20614,No,15,31,2,11,5
E3209,28,No,Non-Travel,Research & Development,18,Human Resources,3,1,Research Director,4,Married,3785,No,22,1,2,0,0
E3210,23,Yes,Travel_Frequently,Research & Development,8,Medical,4,1,Research Director,1,Divorced,3500,No,22,3,3,3,0
E3211,48,Yes,Travel_Frequently,Sales,24,Technical Degree,3,2,Sales Executive,1,Married,8227,Yes,18,14,2,1,1
E3212,51,No,Non-Travel,Research & Development,18,Human Resources,2,4,Research Scientist,4,Married,15544,No,18,25,2,0,0
E3213,44,No,Non-Travel,Human Resources,4,Technical Degree,1,1,Human Resources,2,Divorced,3834,No,19,2,3,2,1
E3214,22,Yes,Travel_Frequently,Sales,16,Other,4,1,Manager,1,Married,4443,Yes,24,1,1,1,1
E3215,22,No,Non-Travel,Research & Development,4,Medical,3,1,Research Scientist,2,Single,3816,No,11,2,1,0,0
E3216,34,Yes,Travel_Frequently,Sales,21,Marketing,1,2,Sales Representative,2,Single,6693,Yes,19,12,3,3,2
E3217,37,No,Travel_Rarely,Research & Development,9,Medical,2,3,Research Director,3,Divorced,9054,Yes,12,11,3,11,9
E3218,60,No,Travel_Frequently,Sales,15,Human Resources,1,2,Sales Representative,1,Single,6771,No,25,14,4,7,3
E3219,30,No,Non-Travel,Research & Development,21,Life Sciences,2,1,Research Scientist,2,Married,3439,Yes,14,4,3,4,2
E3220,26,No,Non-Travel,Sales,25,Medical,1,2,Sales Representative,2,Married,5993,Yes,11,7,4,2,0
E3221,58,Yes,Travel_Frequently,Research & Development,15,Human Resources,1,3,Research Scientist,1,Married,9538,No,23,18,3,2,2
E3222,24,No,Non-Travel,Research & Development,3,Life Sciences,4,1,Laboratory Technician,4,Single,4337,No,22,2,4,2,0
E3223,19,Yes,Travel_Rarely,Sales,8,Medical,1,1,Manager,1,Married,2908,Yes,24,0,1,0,0
E3224,36,No,Travel_Rarely,Sales,18,Human Resources,1,3,Sales Representative,4,Married,7659,Yes,16,8,3,0,0
E3225,35,No,Travel_Rarely,Research & Development,2,Medical,1,3,Manufacturing Director,2,Single,8601,No,15,9,4,1,0
E3226,44,Yes,Travel_Rarely,Research & Development,11,Technical Degree,4,2,Research Scientist,3,Married,5741,No,21,12,4,3,0
E3227,55,No,Non-Travel,Research & Development,10,Marketing,4,5,Research Director,2,Divorced,20188,No,25,29,2,2,0
E3228,58,No,Travel_Rarely,Human Resources,9,Marketing,3,5,Human Resources,4,Single,19183,No,25,34,4,4,4
E3229,30,Yes,Travel_Frequently,Sales,28,Marketing,4,1,Sales Executive,4,Married,2831,No,16,10,2,0,0
E3230,60,No,Non-Travel,Research & Development,28,Other,4,5,Manufacturing Director,2,Single,20047,No,20,24,1,13,5
E3231,45,Yes,Travel_Rarely,Human Resources,27,Human Resources,2,3,Human Resources,1,Married,7797,No,23,12,4,9,8
E3232,20,Yes,Travel_Rarely,Research & Development,26,Human Resources,2,1,Laboratory Technician,1,Single,2100,Yes,22,1,2,1,1
E3233,58,No,Travel_Frequently,Sales,26,Human Resources,1,5,Sales Representative,3,Married,20424,Yes,20,32,1,5,0
E3234,23,Yes,Non-Travel,Research & Development,6,Marketing,3,1,Research Scientist,4,Married,3457,Yes,13,2,1,2,1
E3235,43,No,Travel_Rarely,Research & Development,12,Life Sciences,4,4,Research Director,1,Married,15638,No,20,17,1,7,2
E3236,52,No,Travel_Rarely,Human Resources,2,Life Sciences,1,4,Human Resources,1,Single,16184,No,13,25,4,3,2
E3237,28,No,Non-Travel,Research & Development,24,Marketing,3,1,Research Scientist,2,Married,4987,No,17,6,4,6,5
E3238,29,Yes,Travel_Frequently,Research & Development,26,Other,2,2,Laboratory Technician,4,Married,4992,Yes,19,8,4,2,0
E3239,38,No,Travel_Frequently,Research & Development,1,Marketing,4,2,Research Director,4,Single,7447,No,11,5,1,3,2
E3240,56,No,Travel_Rarely,Human Resources,5,Other,3,4,Manager,1,Married,15491,No,17,19,4,0,0
E3241,27,Yes,Travel_Rarely,Human Resources,5,Technical Degree,2,1,Manager,4,Married,2375,Yes,15,5,3,3,2
E3242,46,Yes,Travel_Rarely,Research & Development,27,Technical Degree,1,1,Research Director,2,Married,4791,No,12,2,2,2,0
E3243,37,No,Travel_Rarely,Human Resources,23,Life Sciences,3,4,Human Resources,1,Married,14265,No,20,15,3,0,0
E3244,22,Yes,Travel_Rarely,Human Resources,9,Human Resources,4,2,Manager,2,Divorced,7637,No,21,2,4,0,0
E3245,48,No,Non-Travel,Research & Development,2,Other,1,2,Laboratory Technician,4,Married,6808,No,24,6,2,3,0
E3246,53,No,Travel_Frequently,Sales,12,Technical Degree,1,5,Manager,2,Divorced,19174,No,21,27,1,3,3
E3247,42,Yes,Non-Travel,Research & Development,17,Other,4,4,Research Director,3,Divorced,13488,Yes,13,17,4,1,0
E3248,25,No,Travel_Rarely,Research & Development,2,Medical,2,2,Research Scientist,1,Married,7850,No,12,5,1,2,1
E3249,24,Yes,Non-Travel,Sales,14,Marketing,3,2,Sales Executive,1,Single,6478,Yes,23,2,1,2,1
E3250,36,No,Travel_Rarely,Research & Development,16,Other,3,4,Research Director,1,Married,12831,No,11,14,3,10,0
E3251,39,No,Travel_Frequently,Research & Development,29,Technical Degree,2,2,Laboratory Technician,2,Single,4874,No,16,9,4,0,0
E3252,41,No,Travel_Frequently,Research & Development,6,Human Resources,2,2,Laboratory Technician,1,Married,7692,No,16,13,4,12,1
E3253,28,No,Non-Travel,Research & Development,6,Marketing,3,1,Research Scientist,3,Married,2057,No,13,1,4,1,1
E3254,39,No,Non-Travel,Human Resources,13,Technical Degree,1,2,Human Resources,4,Divorced,7066,Yes,20,13,4,13,9
E3255,30,Yes,Travel_Rarely,Sales,10,Marketing,1,1,Sales Executive,3,Married,4154,Yes,22,8,1,5,0
E3256,47,No,Non-Travel,Human Resources,27,Human Resources,4,3,Human Resources,2,Married,8868,No,24,16,2,11,1
E3257,52,No,Travel_Frequently,Sales,23,Life Sciences,1,4,Sales Executive,1,Single,14923,Yes,18,17,3,1,1
E3258,46,No,Travel_Frequently,Research & Development,8,Technical Degree,1,5,Research Scientist,1,Single,17971,No,17,22,2,1,0
E3259,18,Yes,Travel_Rarely,Research & Development,10,Other,3,1,Research Director,1,Married,4762,Yes,14,0,3,0,0
E3260,60,No,Travel_Rarely,Research & Development,19,Life Sciences,3,4,Research Director,1,Divorced,15821,No,12,14,2,1,1
E3261,19,No,Non-Travel,Human Resources,26,Marketing,2,1,Manager,3,Married,2458,No,23,0,2,0,0
E3262,60,No,Non-Travel,Research & Development,6,Technical Degree,1,5,Research Scientist,2,Single,19261,No,23,29,1,10,10
E3263,19,No,Travel_Rarely,Sales,9,Life Sciences,2,1,Sales Executive,3,Married,3202,No,25,0,3,0,0
E3264,40,No,Travel_Rarely,Research & Development,18,Life Sciences,1,4,Laboratory Technician,2,Divorced,16410,No,12,20,4,13,11
E3265,22,Yes,Non-Travel,Human Resources,25,Life Sciences,3,1,Manager,2,Married,2949,Yes,17,3,4,3,1
E3266,22,Yes,Non-Travel,Sales,9,Medical,2,1,Sales Executive,2,Single,3498,No,20,2,2,2,0
E3267,47,No,Travel_Rarely,Research & Development,14,Other,4,3,Research Scientist,2,Single,11180,No,24,17,3,5,2
E3268,49,Yes,Non-Travel,Research & Development,20,Life Sciences,4,2,Research Director,1,Single,5300,Yes,17,7,1,1,1
E3269,23,No,Non-Travel,Research & Development,13,Technical Degree,2,1,Laboratory Technician,1,Divorced,3457,No,13,2,3,2,1
E3270,59,No,Travel_Rarely,Research & Development,23,Marketing,3,5,Research Director,4,Divorced,17820,No,24,30,2,0,0
E3271,31,No,Travel_Rarely,Sales,15,Technical Degree,3,3,Sales Executive,1,Married,9691,No,12,7,4,0,0
E3272,31,No,Travel_Rarely,Human Resources,26,Other,2,3,Manager,2,Married,8930,No,21,10,3,0,0
E3273,30,Yes,Travel_Rarely,Research & Development,18,Other,3,1,Manufacturing Director,2,Single,4917,No,16,2,1,2,0
E3274,37,Yes,Travel_Frequently,Sales,27,Life Sciences,1,3,Manager,2,Married,9024,Yes,11,8,4,2,0
E3275,25,No,Travel_Rarely,Sales,25,Life Sciences,4,2,Sales Representative,3,Married,5047,Yes,18,3,3,0,0
E3276,36,Yes,Travel_Frequently,Human Resources,7,Marketing,4,3,Manager,3,Divorced,10489,Yes,16,8,1,2,0
E3277,27,Yes,Travel_Rarely,Human Resources,27,Human Resources,4,1,Human Resources,3,Married,4363,No,17,1,2,1,0
E3278,20,Yes,Travel_Frequently,Research & Development,4,Human Resources,1,1,Laboratory Technician,2,Divorced,3882,Yes,13,0,1,0,0
E3279,33,No,Travel_Frequently,Research & Development,9,Technical Degree,4,3,Research Scientist,4,Married,10351,No,21,12,2,0,0
E3280,46,No,Non-Travel,Human Resources,2,Other,3,2,Human Resources,1,Married,5937,No,15,14,4,3,1
E3281,50,Yes,Travel_Rarely,Research & Development,4,Medical,4,1,Research Director,2,Divorced,3857,No,13,4,4,4,2
E3282,33,Yes,Travel_Frequently,Sales,21,Human Resources,1,1,Sales Executive,2,Divorced,2000,Yes,16,1,3,1,0
E3283,31,Yes,Travel_Rarely,Human Resources,4,Other,2,1,Human Resources,2,Married,2379,Yes,13,6,2,3,1
E3284,51,Yes,Travel_Rarely,Sales,6,Other,1,1,Sales Executive,3,Married,4993,No,19,7,2,3,1
E3285,47,No,Travel_Frequently,Research & Development,12,Human Resources,4,5,Laboratory Technician,1,Married,19637,No,18,20,4,0,0
E3286,53,No,Travel_Frequently,Research & Development,24,Human Resources,1,5,Manufacturing Director,4,Single,18137,No,22,27,1,3,3
E3287,56,No,Non-Travel,Sales,24,Medical,1,3,Sales Executive,1,Married,8080,No,25,11,4,5,2
E3288,53,No,Travel_Rarely,Human Resources,28,Human Resources,1,4,Human Resources,2,Divorced,16411,No,12,21,4,0,0
E3289,58,No,Travel_Rarely,Research & Development,2,Medical,4,1,Manufacturing Director,3,Divorced,2203,Yes,11,9,4,0,0
E3290,35,Yes,Travel_Frequently,Sales,5,Marketing,3,1,Sales Executive,4,Married,2590,No,17,6,3,6,5
E3291,34,Yes,Travel_Frequently,Human Resources,12,Life Sciences,1,3,Human Resources,3,Married,8409,Yes,12,13,4,0,0
E3292,31,Yes,Non-Travel,Human Resources,9,Medical,2,1,Manager,3,Divorced,2000,No,23,7,1,7,6
E3293,28,Yes,Travel_Frequently,Sales,3,Life Sciences,2,2,Sales Representative,1,Single,5869,Yes,23,8,4,3,3
E3294,50,Yes,Travel_Rarely,Sales,16,Marketing,4,3,Sales Executive,3,Single,11020,Yes,17,9,1,0,0
E3295,48,Yes,Travel_Rarely,Human Resources,14,Life Sciences,1,2,Manager,3,Single,6087,Yes,25,11,1,4,4
E3296,52,No,Non-Travel,Human Resources,13,Human Resources,1,3,Human Resources,1,Single,9695,No,18,17,1,1,1
E3297,25,No,Non-Travel,Research & Development,1,Technical Degree,3,1,Research Scientist,2,Divorced,4181,No,19,3,3,3,0
E3298,39,Yes,Non-Travel,Sales,13,Technical Degree,2,3,Sales Executive,4,Single,9939,Yes,22,19,1,3,2
E3299,27,No,Travel_Rarely,Research & Development,14,Human Resources,1,1,Manufacturing Director,4,Married,4093,No,19,1,3,1,0
E3300,56,No,Travel_Rarely,Human Resources,7,Human Resources,2,5,Manager,1,Married,19806,Yes,21,31,1,1,0
E3301,29,No,Travel_Rarely,Research & Development,24,Human Resources,2,2,Manufacturing Director,3,Married,6940,Yes,14,9,3,9,3
E3302,24,No,Non-Travel,Research & Development,26,Technical Degree,1,1,Research Scientist,2,Divorced,3844,No,18,3,1,1,0
E3303,42,No,Travel_Rarely,Research & Development,27,Medical,1,3,Laboratory Technician,4,Divorced,10407,Yes,23,9,3,1,1
E3304,55,No,Non-Travel,Research & Development,20,Human Resources,1,3,Research Scientist,3,Married,10536,No,25,20,1,6,2
E3305,57,Yes,Travel_Rarely,Sales,20,Marketing,4,2,Sales Representative,2,Single,7741,No,13,13,4,1,0
E3306,22,Yes,Travel_Rarely,Sales,5,Life Sciences,1,1,Sales Executive,4,Single,2080,Yes,11,3,2,3,3
E3307,32,No,Non-Travel,Human Resources,12,Marketing,3,1,Manager,1,Divorced,4102,No,19,7,3,0,0
E3308,24,Yes,Travel_Rarely,Sales,1,Medical,1,1,Manager,2,Married,4230,No,11,5,2,5,1
E3309,31,No,Travel_Rarely,Sales,17,Medical,4,3,Manager,4,Divorced,8620,No,21,8,3,2,0
E3310,40,Yes,Travel_Rarely,Sales,23,Technical Degree,2,3,Sales Executive,1,Married,10751,No,17,11,2,6,0
E3311,30,Yes,Travel_Rarely,Research & Development,20,Other,4,2,Research Scientist,1,Divorced,5836,Yes,23,8,1,5,5
E3312,20,Yes,Travel_Frequently,Sales,1,Life Sciences,1,1,Sales Executive,4,Married,2343,Yes,13,1,4,1,0
E3313,39,No,Travel_Rarely,Research & Development,17,Life Sciences,2,3,Research Director,2,Married,11005,No,11,18,3,8,8
E3314,20,No,Travel_Rarely,Sales,26,Other,2,1,Manager,4,Married,2315,No,14,0,2,0,0
E3315,27,No,Travel_Frequently,Human Resources,3,Human Resources,1,1,Human Resources,1,Married,3224,No,11,8,1,6,5
E3316,18,Yes,Travel_Rarely,Human Resources,16,Medical,2,1,Manager,3,Single,2738,No,13,0,4,0,0
E3317,21,Yes,Travel_Frequently,Sales,8,Marketing,2,1,Sales Representative,1,Single,4673,No,22,2,2,2,1
E3318,36,No,Non-Travel,Research & Development,27,Life Sciences,2,1,Research Scientist,2,Married,3403,Yes,21,9,4,5,2
E3319,54,No,Non-Travel,Human Resources,16,Other,3,5,Human Resources,1,Divorced,19840,No,20,29,4,4,1
E3320,51,No,Travel_Frequently,Human Resources,23,Technical Degree,1,2,Human Resources,2,Married,7669,No,17,11,4,11,11
E3321,22,No,Non-Travel,Research & Development,16,Medical,1,2,Research Director,2,Married,6728,No,14,2,3,2,2
E3322,19,Yes,Travel_Frequently,Research & Development,26,Medical,2,1,Research Scientist,4,Married,4753,Yes,23,0,1,0,0
E3323,32,No,Travel_Rarely,Sales,9,Human Resources,3,1,Sales Executive,3,Married,4459,No,24,5,1,0,0
E3324,46,No,Non-Travel,Sales,22,Technical Degree,2,2,Manager,1,Married,6371,No,14,13,1,1,0
E3325,50,No,Travel_Frequently,Human Resources,13,Human Resources,2,3,Human Resources,2,Single,11018,No,24,11,2,3,3
E3326,53,No,Travel_Rarely,Human Resources,17,Medical,4,3,Human Resources,4,Married,9686,No,20,15,3,11,5
E3327,32,Yes,Travel_Frequently,Research & Development,20,Other,3,3,Research Director,2,Married,7769,No,16,11,4,11,2
E3328,25,No,Travel_Rarely,Research & Development,6,Life Sciences,1,1,Research Director,3,Married,2440,No,14,2,1,2,0
E3329,19,No,Travel_Frequently,Human Resources,26,Medical,2,1,Manager,3,Married,3626,No,19,0,3,0,0
E3330,24,Yes,Travel_Frequently,Research & Development,22,Human Resources,1,1,Research Director,4,Single,2000,Yes,11,0,1,0,0
E3331,20,Yes,Travel_Rarely,Research & Development,12,Technical Degree,4,1,Research Director,3,Divorced,3534,No,15,1,2,1,0
E3332,55,No,Travel_Rarely,Research & Development,18,Marketing,4,4,Manufacturing Director,3,Single,14636,Yes,21,28,1,6,0
E3333,29,No,Travel_Rarely,Research & Development,20,Human Resources,2,1,Research Director,4,Married,3480,No,18,4,2,4,4
E3334,53,No,Travel_Rarely,Sales,14,Technical Degree,2,4,Sales Executive,2,Divorced,13217,No,13,24,3,3,0
E3335,41,No,Travel_Rarely,Research & Development,19,Marketing,3,3,Research Scientist,4,Single,11019,No,13,20,3,8,0
E3336,41,No,Non-Travel,Research & Development,17,Medical,1,4,Research Director,4,Single,14197,No,21,17,4,6,4
E3337,37,No,Travel_Rarely,Research & Development,23,Human Resources,4,2,Research Scientist,2,Married,5261,No,23,8,3,6,0
E3338,53,No,Travel_Rarely,Research & Development,7,Technical Degree,4,3,Manufacturing Director,4,Divorced,9463,No,21,17,2,3,3
E3339,19,Yes,Travel_Frequently,Human Resources,1,Other,1,1,Human Resources,2,Married,3152,No,13,0,4,0,0
E3340,21,Yes,Travel_Frequently,Human Resources,12,Marketing,3,1,Manager,4,Married,3721,No,21,1,4,1,0
E3341,36,No,Travel_Rarely,Research & Development,24,Medical,1,2,Manufacturing Director,1,Divorced,6846,Yes,15,14,4,0,0
E3342,34,No,Travel_Frequently,Research & Development,4,Life Sciences,3,1,Research Scientist,2,Married,2000,No,19,6,4,6,1
E3343,41,No,Travel_Rarely,Sales,25,Medical,3,4,Sales Representative,2,Divorced,16020,No,19,18,4,1,1
E3344,49,No,Travel_Frequently,Sales,12,Human Resources,1,2,Manager,2,Divorced,6248,Yes,24,5,1,5,3
E3345,43,No,Non-Travel,Sales,7,Medical,4,2,Manager,2,Single,4839,No,23,3,3,3,3
E3346,29,No,Travel_Rarely,Sales,14,Technical Degree,2,2,Manager,4,Married,7555,No,12,10,2,6,3
E3347,32,No,Travel_Frequently,Sales,24,Medical,2,1,Manager,2,Single,4201,No,11,11,2,11,9
E3348,50,No,Travel_Rarely,Research & Development,25,Other,2,5,Research Director,3,Single,19603,No,24,27,1,11,0
E3349,26,No,Travel_Rarely,Research & Development,18,Other,4,2,Research Director,1,Single,6224,No,15,7,1,7,7
E3350,39,No,Non-Travel,Research & Development,16,Human Resources,4,1,Manufacturing Director,1,Single,3247,No,11,9,4,9,1
E3351,41,No,Travel_Rarely,Research & Development,24,Human Resources,4,2,Laboratory Technician,2,Single,6607,No,13,7,4,1,1
E3352,50,Yes,Non-Travel,Human Resources,27,Technical Degree,2,1,Manager,1,Married,2000,Yes,18,6,3,6,3
E3353,48,No,Travel_Rarely,Sales,24,Life Sciences,3,4,Manager,1,Married,13896,No,24,15,1,2,0
E3354,37,No,Travel_Rarely,Sales,29,Life Sciences,3,2,Sales Representative,1,Married,8108,Yes,24,5,3,5,2
E3355,31,No,Travel_Rarely,Sales,25,Marketing,1,2,Manager,2,Divorced,7208,Yes,20,11,1,3,3
E3356,33,No,Travel_Rarely,Research & Development,2,Human Resources,4,2,Manufacturing Director,1,Divorced,5956,No,15,1,3,1,1
E3357,35,No,Travel_Rarely,Research & Development,1,Life Sciences,4,2,Research Scientist,1,Married,5348,Yes,21,3,1,3,2
E3358,27,No,Travel_Frequently,Human Resources,18,Technical Degree,4,1,Manager,2,Married,4138,No,23,2,2,2,1
E3359,44,Yes,Travel_Frequently,Research & Development,28,Other,2,1,Research Director,2,Married,2601,No,17,6,1,6,4
E3360,26,Yes,Travel_Rarely,Sales,9,Other,1,1,Sales Representative,4,Married,2098,Yes,19,2,4,2,0
E3361,45,No,Travel_Rarely,Human Resources,29,Technical Degree,1,2,Human Resources,3,Married,5671,No,18,17,3,0,0
E3362,50,No,Travel_Rarely,Research & Development,25,Technical Degree,3,2,Research Scientist,3,Married,7482,No,23,12,4,8,2
E3363,59,No,Travel_Frequently,Human Resources,5,Life Sciences,4,4,Manager,3,Single,15500,No,20,25,1,4,4
E3364,23,No,Travel_Rarely,Sales,15,Life Sciences,3,2,Sales Executive,1,Single,4854,No,11,4,3,4,3
E3365,50,No,Non-Travel,Research & Development,7,Medical,3,3,Laboratory Technician,2,Married,8413,No,24,19,2,11,4
E3366,21,Yes,Travel_Rarely,Research & Development,3,Human Resources,4,1,Manufacturing Director,3,Divorced,3748,Yes,19,2,2,2,1
E3367,32,No,Travel_Frequently,Research & Development,21,Life Sciences,4,1,Research Scientist,4,Married,3649,Yes,17,5,4,5,1
E3368,25,No,Travel_Rarely,Research & Development,7,Human Resources,4,1,Research Director,2,Single,3891,No,13,1,1,0,0
E3369,24,No,Non-Travel,Research & Development,17,Medical,2,2,Manufacturing Director,2,Married,5153,Yes,21,2,4,2,0
E3370,25,No,Travel_Rarely,Human Resources,20,Life Sciences,3,1,Human Resources,4,Divorced,4233,No,11,6,1,6,1
E3371,19,No,Non-Travel,Research & Development,13,Life Sciences,2,1,Laboratory Technician,1,Married,4726,No,13,0,2,0,0
E3372,53,Yes,Non-Travel,Research & Development,3,Human Resources,3,2,Laboratory Technician,4,Single,6994,No,21,11,1,1,1
E3373,20,Yes,Travel_Rarely,Research & Development,3,Life Sciences,1,1,Research Scientist,2,Single,2136,No,15,0,3,0,0
E3374,35,No,Travel_Rarely,Research & Development,11,Technical Degree,1,2,Research Director,1,Married,7348,No,22,13,3,1,0
E3375,48,No,Travel_Rarely,Research & Development,2,Other,1,3,Laboratory Technician,2,Divorced,9251,Yes,14,20,3,0,0
E3376,60,No,Travel_Rarely,Research & Development,26,Technical Degree,3,4,Manufacturing Director,4,Single,13383,No,22,24,4,9,8
E3377,54,No,Travel_Rarely,Sales,5,Marketing,4,5,Sales Representative,2,Divorced,18508,No,21,30,4,7,0
E3378,23,No,Travel_Rarely,Human Resources,1,Other,3,1,Human Resources,1,Divorced,4740,No,21,3,4,3,1
E3379,60,No,Travel_Rarely,Research & Development,5,Life Sciences,3,5,Manufacturing Director,2,Single,18769,No,22,27,2,1,1
E3380,46,No,Non-Travel,Sales,21,Medical,3,1,Sales Representative,3,Single,4756,No,22,7,1,7,1
E3381,25,Yes,Non-Travel,Sales,18,Medical,4,1,Sales Executive,1,Single,3270,Yes,16,1,1,0,0
E3382,37,No,Travel_Rarely,Human Resources,20,Life Sciences,3,4,Human Resources,4,Married,14739,No,18,17,2,1,1
E3383,57,No,Travel_Frequently,Human Resources,11,Other,3,5,Manager,4,Single,17188,No,12,23,3,0,0
E3384,34,No,Travel_Rarely,Research & Development,10,Medical,2,1,Research Scientist,4,Divorced,3960,Yes,16,7,1,7,6
E3385,25,No,Travel_Frequently,Sales,20,Life Sciences,4,1,Manager,4,Single,2000,No,17,4,4,4,4
E3386,55,Yes,Travel_Frequently,Human Resources,4,Other,2,1,Manager,1,Married,3326,Yes,22,5,4,0,0
E3387,58,No,Non-Travel,Research & Development,12,Other,4,5,Laboratory Technician,4,Divorced,18401,Yes,24,31,1,3,2
E3388,59,Yes,Travel_Frequently,Sales,3,Medical,4,2,Sales Representative,1,Single,6263,Yes,20,11,4,8,7
E3389,59,No,Non-Travel,Research & Development,13,Marketing,4,5,Laboratory Technician,1,Married,19410,No,12,32,3,0,0
E3390,55,Yes,Non-Travel,Research & Development,29,Human Resources,2,4,Manufacturing Director,1,Divorced,13101,Yes,14,20,2,2,0
E3391,37,Yes,Travel_Frequently,Research & Development,25,Marketing,2,1,Research Scientist,1,Single,2686,Yes,19,6,3,3,0
E3392,26,Yes,Travel_Rarely,Research & Development,20,Human Resources,4,1,Manufacturing Director,1,Married,4954,No,17,1,3,1,1
E3393,44,Yes,Travel_Rarely,Sales,20,Medical,4,3,Sales Executive,4,Married,8251,No,24,20,2,9,6
E3394,27,No,Travel_Rarely,Human Resources,11,Human Resources,3,1,Human Resources,1,Single,2648,Yes,13,2,3,1,1
E3395,38,Yes,Travel_Rarely,Sales,21,Technical Degree,4,1,Sales Executive,3,Married,2655,Yes,19,2,1,2,0
E3396,46,No,Travel_Rarely,Research & Development,25,Life Sciences,2,4,Research Scientist,1,Married,14378,No,22,20,2,2,1
E3397,58,No,Travel_Rarely,Research & Development,17,Technical Degree,4,4,Laboratory Technician,4,Married,15247,No,17,15,4,9,0
E3398,30,Yes,Travel_Frequently,Sales,3,Life Sciences,2,1,Sales Executive,3,Divorced,2517,No,14,5,1,5,5
E3399,28,Yes,Travel_Rarely,Research & Development,21,Other,3,2,Research Scientist,3,Single,6181,Yes,12,3,3,0,0
E3400,49,No,Travel_Rarely,Sales,4,Other,3,5,Sales Executive,1,Married,19507,No,20,25,2,1,1
E3401,18,Yes,Travel_Frequently,Human Resources,10,Life Sciences,4,1,Manager,4,Single,2578,No,20,0,2,0,0
E3402,42,Yes,Travel_Rarely,Research & Development,6,Technical Degree,4,2,Manufacturing Director,2,Divorced,8011,Yes,22,6,1,4,0
E3403,50,No,Travel_Rarely,Sales,2,Marketing,4,2,Sales Executive,1,Married,8319,Yes,23,11,3,11,0
E3404,41,No,Travel_Rarely,Human Resources,23,Life Sciences,1,1,Human Resources,3,Married,2109,No,25,6,3,2,2
E3405,34,Yes,Non-Travel,Research & Development,19,Human Resources,1,1,Research Director,4,Single,2853,No,13,5,3,4,0
E3406,53,Yes,Non-Travel,Human Resources,12,Life Sciences,4,1,Manager,1,Married,2378,Yes,17,5,2,5,4
E3407,33,Yes,Travel_Frequently,Human Resources,12,Life Sciences,1,1,Manager,1,Single,2224,No,15,3,3,3,1
E3408,48,Yes,Travel_Rarely,Research & Development,19,Human Resources,4,2,Research Scientist,3,Married,6688,No,24,13,3,2,1
E3409,37,No,Travel_Frequently,Research & Development,16,Medical,3,2,Laboratory Technician,1,Divorced,7063,No,12,16,3,5,1
E3410,19,No,Travel_Rarely,Sales,7,Other,2,1,Sales Executive,4,Married,2940,Yes,20,0,3,0,0
E3411,40,No,Travel_Rarely,Sales,14,Technical Degree,1,2,Sales Representative,3,Single,5644,No,15,6,2,0,0
E3412,20,Yes,Non-Travel,Research & Development,23,Technical Degree,1,1,Research Scientist,3,Married,2465,No,11,1,3,1,0
E3413,58,No,Non-Travel,Research & Development,17,Marketing,4,5,Research Scientist,2,Divorced,21000,No,19,34,3,3,1
E3414,43,No,Travel_Frequently,Sales,24,Marketing,1,3,Sales Representative,2,Single,11123,No,16,16,4,14,9
E3415,33,No,Travel_Frequently,Research & Development,15,Medical,3,2,Research Director,1,Divorced,4876,No,21,4,2,1,0
E3416,38,No,Travel_Frequently,Research & Development,12,Human Resources,1,2,Manufacturing Director,3,Married,7108,No,16,9,2,9,5
E3417,44,No,Non-Travel,Research & Development,22,Technical Degree,2,2,Research Director,3,Married,6329,No,13,7,3,0,0
E3418,29,Yes,Travel_Frequently,Research & Development,7,Life Sciences,1,1,Research Director,3,Divorced,3941,No,12,2,3,2,0
E3419,30,Yes,Travel_Frequently,Research & Development,19,Medical,3,1,Research Director,4,Married,3739,No,13,5,2,0,0
E3420,36,No,Travel_Rarely,Research & Development,19,Other,1,3,Research Scientist,3,Married,10762,No,17,10,1,1,0
E3421,29,Yes,Non-Travel,Research & Development,9,Marketing,3,2,Laboratory Technician,2,Single,4844,No,15,4,3,0,0
E3422,50,No,Non-Travel,Research & Development,8,Medical,4,4,Manufacturing Director,4,Single,14234,No,12,19,3,7,0
E3423,22,Yes,Travel_Rarely,Human Resources,3,Medical,3,1,Manager,4,Married,4939,Yes,15,1,4,1,1
E3424,53,No,Travel_Rarely,Research & Development,5,Medical,3,3,Research Director,4,Single,8408,Yes,23,13,3,6,0
E3425,32,No,Non-Travel,Sales,3,Other,4,2,Manager,3,Divorced,5296,No,23,10,3,0,0
E3426,42,No,Non-Travel,Research & Development,18,Medical,4,5,Laboratory Technician,2,Single,19601,No,16,20,1,10,8
E3427,24,Yes,Travel_Rarely,Research & Development,4,Medical,3,1,Laboratory Technician,1,Married,4251,No,18,2,2,2,0
E3428,34,No,Travel_Rarely,Human Resources,15,Life Sciences,3,2,Human Resources,2,Divorced,7163,No,13,9,1,9,5
E3429,50,No,Non-Travel,Sales,4,Other,2,2,Sales Executive,4,Married,7567,No,17,10,3,7,0
E3430,29,Yes,Travel_Frequently,Research & Development,23,Marketing,3,1,Research Scientist,4,Married,3918,Yes,20,1,3,1,0
E3431,23,Yes,Non-Travel,Sales,20,Human Resources,1,1,Manager,1,Single,2045,Yes,11,3,4,3,3
E3432,40,Yes,Travel_Frequently,Research & Development,9,Human Resources,4,1,Research Scientist,3,Married,3779,Yes,23,5,3,5,2
E3433,24,Yes,Travel_Frequently,Research & Development,22,Marketing,4,2,Laboratory Technician,3,Divorced,7249,Yes,24,2,4,1,0
E3434,31,No,Travel_Rarely,Research & Development,7,Marketing,2,2,Research Director,3,Divorced,7719,No,25,6,3,1,1
E3435,37,Yes,Travel_Frequently,Sales,19,Life Sciences,4,1,Manager,4,Single,2472,No,14,4,4,4,4
E3436,42,No,Travel_Rarely,Sales,19,Human Resources,3,2,Sales Representative,1,Married,5056,Yes,24,4,2,4,2
E3437,45,No,Travel_Rarely,Human Resources,13,Human Resources,4,3,Human Resources,2,Married,10384,No,12,10,3,2,2
E3438,47,No,Non-Travel,Research & Development,21,Medical,4,4,Manufacturing Director,1,Divorced,14188,No,24,26,3,0,0
E3439,54,No,Travel_Rarely,Research & Development,28,Medical,3,4,Research Director,3,Married,13242,No,13,22,3,0,0
E3440,20,Yes,Travel_Rarely,Sales,12,Marketing,4,1,Manager,3,Divorced,4338,No,16,0,3,0,0
E3441,33,Yes,Non-Travel,Human Resources,9,Human Resources,2,1,Manager,2,Single,3261,Yes,25,1,4,0,0
E3442,18,Yes,Non-Travel,Sales,13,Technical Degree,2,1,Sales Representative,4,Married,2593,No,18,0,1,0,0
E3443,18,Yes,Travel_Rarely,Sales,17,Life Sciences,1,1,Sales Representative,4,Married,2000,Yes,14,0,2,0,0
E3444,27,No,Travel_Rarely,Research & Development,4,Technical Degree,4,1,Manufacturing Director,2,Married,2000,Yes,16,5,3,5,0
E3445,43,Yes,Travel_Rarely,Human Resources,28,Human Resources,2,2,Manager,4,Married,7944,Yes,15,18,3,0,0
E3446,56,No,Travel_Frequently,Human Resources,14,Medical,3,3,Human Resources,4,Married,9644,No,24,17,3,2,0
E3447,51,No,Travel_Frequently,Sales,28,Marketing,1,3,Manager,1,Divorced,8214,Yes,17,11,1,3,0
E3448,45,Yes,Travel_Frequently,Research & Development,28,Human Resources,2,1,Laboratory Technician,4,Divorced,2825,No,12,3,4,0,0
E3449,51,Yes,Non-Travel,Sales,2,Medical,3,1,Sales Executive,1,Divorced,2149,Yes,13,3,3,0,0
E3450,25,Yes,Travel_Rarely,Sales,4,Life Sciences,2,2,Sales Executive,4,Single,4965,Yes,19,3,2,3,0
E3451,54,No,Travel_Frequently,Human Resources,6,Other,3,5,Human Resources,3,Married,18417,No,11,30,4,3,1
E3452,56,No,Travel_Frequently,Research & Development,17,Life Sciences,2,2,Research Scientist,4,Married,6813,No,14,11,2,4,4
E3453,22,Yes,Non-Travel,Sales,11,Life Sciences,3,1,Sales Executive,3,Divorced,2265,Yes,20,2,1,0,0
E3454,38,Yes,Travel_Frequently,Sales,1,Medical,2,2,Sales Executive,2,Married,6173,No,23,13,4,9,7
E3455,53,No,Travel_Rarely,Research & Development,17,Human Resources,2,1,Research Director,3,Married,3323,Yes,12,5,2,1,1
E3456,38,No,Travel_Frequently,Human Resources,10,Technical Degree,1,2,Manager,2,Married,6080,No,16,4,4,4,3
E3457,54,Yes,Non-Travel,Research & Development,25,Medical,3,2,Research Scientist,1,Single,5420,Yes,16,13,3,0,0
E3458,58,No,Travel_Frequently,Research & Development,23,Life Sciences,1,4,Manufacturing Director,1,Divorced,13426,No,23,26,1,1,0
E3459,38,No,Travel_Frequently,Human Resources,25,Other,3,1,Human Resources,4,Married,2000,No,22,9,2,0,0
E3460,20,Yes,Travel_Frequently,Research & Development,17,Life Sciences,4,1,Manufacturing Director,2,Married,2716,Yes,24,1,4,1,0
E3461,32,Yes,Travel_Frequently,Research & Development,21,Other,2,1,Research Scientist,1,Married,4406,Yes,20,11,4,8,1
E3462,27,Yes,Travel_Rarely,Research & Development,3,Marketing,4,2,Research Scientist,1,Single,5149,No,13,6,1,2,1
E3463,38,No,Non-Travel,Sales,23,Medical,2,3,Sales Executive,1,Married,10724,No,25,18,4,10,7
E3464,43,No,Travel_Rarely,Research & Development,14,Marketing,4,4,Research Director,4,Married,15475,No,22,18,4,16,8
E3465,37,No,Non-Travel,Research & Development,1,Medical,3,2,Manufacturing Director,1,Married,5064,No,20,15,3,0,0
E3466,26,Yes,Travel_Rarely,Human Resources,3,Life Sciences,3,1,Human Resources,4,Divorced,2000,Yes,16,6,1,6,5
E3467,30,Yes,Travel_Rarely,Research & Development,9,Marketing,2,2,Research Director,3,Divorced,5453,No,22,8,3,8,0
E3468,47,Yes,Travel_Frequently,Sales,11,Technical Degree,4,5,Manager,1,Married,17326,Yes,17,22,2,0,0
E3469,19,Yes,Travel_Frequently,Human Resources,7,Marketing,3,1,Manager,4,Divorced,3310,No,15,0,1,0,0
E3470,27,Yes,Non-Travel,Sales,23,Technical Degree,2,1,Manager,2,Divorced,2000,Yes,15,4,4,2,0
E3471,56,No,Travel_Rarely,Human Resources,13,Other,4,4,Human Resources,2,Married,16019,No,20,24,3,1,0
E3472,22,Yes,Travel_Rarely,Human Resources,8,Life Sciences,2,1,Manager,3,Divorced,3255,Yes,20,2,1,2,0
E3473,35,No,Travel_Rarely,Sales,20,Human Resources,4,3,Manager,3,Married,10318,No,14,13,2,7,7
E3474,26,Yes,Travel_Frequently,Human Resources,14,Medical,2,1,Human Resources,3,Divorced,4197,No,16,3,4,2,1
E3475,22,Yes,Travel_Rarely,Sales,23,Life Sciences,4,1,Sales Executive,3,Single,3344,No,14,3,2,2,1
E3476,36,No,Travel_Rarely,Human Resources,15,Marketing,2,2,Manager,4,Married,8249,No,22,14,2,3,3
E3477,40,No,Non-Travel,Sales,22,Marketing,3,4,Manager,2,Divorced,16516,No,16,20,1,9,6
E3478,25,Yes,Travel_Frequently,Research & Development,25,Other,3,1,Manufacturing Director,1,Married,2787,No,22,2,1,2,0
E3479,21,Yes,Travel_Frequently,Sales,3,Marketing,3,1,Sales Representative,1,Single,2000,Yes,14,2,4,2,1
E3480,23,Yes,Travel_Frequently,Research & Development,4,Human Resources,2,1,Research Scientist,1,Divorced,2841,No,16,3,4,3,3
E3481,46,No,Travel_Rarely,Research & Development,22,Other,1,5,Research Scientist,4,Married,18032,No,11,25,1,3,1
E3482,54,No,Travel_Frequently,Research & Development,16,Marketing,4,5,Research Director,4,Divorced,19349,No,11,31,3,4,2
E3483,25,Yes,Non-Travel,Research & Development,7,Medical,1,2,Research Director,2,Single,5934,No,11,4,3,4,3
E3484,31,Yes,Travel_Frequently,Research & Development,1,Other,1,1,Research Scientist,1,Single,3412,No,11,7,4,7,4
E3485,32,Yes,Travel_Rarely,Sales,28,Marketing,4,1,Sales Representative,3,Married,4241,No,24,3,3,3,3
E3486,33,No,Non-Travel,Research & Development,3,Marketing,1,2,Manufacturing Director,4,Single,5929,No,15,13,4,1,1
E3487,28,No,Travel_Rarely,Research & Development,14,Human Resources,4,1,Laboratory Technician,1,Married,3451,No,18,3,1,1,1
E3488,20,Yes,Travel_Rarely,Research & Development,7,Marketing,2,1,Manufacturing Director,1,Married,2663,No,25,1,1,1,1
E3489,40,No,Travel_Rarely,Research & Development,12,Technical Degree,3,4,Research Director,2,Single,15677,No,18,17,2,8,1
E3490,33,No,Travel_Frequently,Research & Development,21,Other,1,2,Research Director,2,Divorced,6968,No,16,7,2,6,0
E3491,32,No,Travel_Rarely,Human Resources,15,Life Sciences,3,1,Human Resources,1,Single,2000,No,21,3,4,3,3
E3492,29,Yes,Travel_Rarely,Research & Development,2,Human Resources,4,1,Laboratory Technician,3,Divorced,3840,No,22,2,2,0,0
E3493,57,No,Travel_Rarely,Research & Development,3,Marketing,3,5,Research Director,2,Single,18126,No,12,32,2,10,4
E3494,44,No,Non-Travel,Research & Development,28,Technical Degree,3,3,Research Scientist,4,Married,10306,No,25,13,3,2,0
E3495,36,No,Travel_Rarely,Sales,8,Other,3,1,Manager,4,Divorced,3556,No,12,3,4,3,0
E3496,26,Yes,Non-Travel,Research & Development,13,Technical Degree,2,1,Laboratory Technician,1,Single,3055,No,16,5,1,5,0
E3497,52,No,Travel_Rarely,Research & Development,23,Marketing,3,3,Manufacturing Director,2,Divorced,10079,No,25,10,3,4,1
E3498,56,No,Travel_Rarely,Research & Development,25,Other,3,5,Laboratory Technician,4,Married,20528,No,19,32,2,11,6
E3499,19,Yes,Travel_Rarely,Research & Development,9,Technical Degree,1,1,Research Director,1,Married,4176,Yes,19,0,1,0,0
E3500,57,No,Travel_Rarely,Research & Development,7,Life Sciences,2,2,Manufacturing Director,4,Divorced,6759,No,23,10,4,0,0
